model,dataset,T,depth,complexity_rank,snn_accuracy_mean,snn_accuracy_std,ann_accuracy_mean,ann_accuracy_std,accuracy_drop_mean,accuracy_drop_std,avg_spikes_per_sample_mean,avg_spikes_per_sample_std,spike_density_mean,spike_density_std,snn_latency_ms_per_sample_mean,snn_latency_ms_per_sample_std,ann_latency_ms_per_sample_mean,ann_latency_ms_per_sample_std,E_SNN_pJ_mean,E_SNN_pJ_std,E_ANN_pJ_mean,E_ANN_pJ_std,energy_ratio_mean,energy_ratio_std,synops_mean,synops_std,mac_count_mean,mac_count_std,memory_mb_mean,memory_mb_std,SCI_mean,SCI_std
resnet18,cifar10,1,18,3,0.05000000000000001,0.0,0.931,0.0,0.8809999999999999,0.0,2431.7766220296385,32.928287534831846,0.009276491630667199,0.0001256114484208337,0.5241002890023299,0.012936946404200182,0.2625,0.0,2188.5989598266747,29.635458781348586,2576000000.0,0.0,8.496113974482432e-07,1.1504448284685053e-08,2431.0,33.06055050963308,560000000.0,0.0,138.22623266726944,35.36606956671777,7.88237641135636e-09,2.1387381579908738e-10
resnet18,cifar10,2,18,3,0.15047783521937555,0.0016181718373108522,0.931,0.0,0.7805221647806245,0.0016181718373108765,4863.553244059277,65.85657506966373,0.018552983261334467,0.0002512228968417122,1.0482005780046597,0.025873892808400373,0.2625,0.0,4377.197919653349,59.27091756269747,2576000000.0,0.0,1.6992227948964864e-06,2.300889656937014e-08,4863.0,66.12110101926616,560000000.0,0.0,142.22820986224147,63.96529569429071,1.576475282271272e-08,4.2774763159817414e-10
resnet18,cifar10,4,18,3,0.30098950188604223,0.0016181718373109134,0.931,0.0,0.6300104981139577,0.0016181718373108702,9727.106488118554,131.71315013932798,0.037105966522669,0.0005024457936833679,2.0964011560093194,0.051747785616800525,0.2625,0.0,8754.395839306699,118.54183512539493,2576000000.0,0.0,3.398445589792973e-06,4.6017793138740045e-08,9726.666666666666,131.69788659402732,560000000.0,0.0,104.83205235964424,70.33045674344828,3.152950564542544e-08,8.554952631963495e-10
resnet18,cifar10,8,18,3,0.451501168552709,0.0016181718373108572,0.931,0.0,0.479498831447291,0.0016181718373108154,19454.212976237108,263.42630027865596,0.07421193304533803,0.001004891587366696,4.192802312018639,0.10349557123360105,0.2625,0.0,17508.791678613397,237.08367025078985,2576000000.0,0.0,6.796891179585946e-06,9.203558627748042e-08,19453.666666666668,263.2913468637615,560000000.0,0.0,156.33147950491548,10.777664927020192,6.305901129085087e-08,1.710990526392699e-09
resnet18,cifar10,16,18,3,0.6020128352193755,0.0016181718373108748,0.931,0.0,0.32898716478062445,0.0016181718373109134,38908.425952474216,526.8526005573099,0.14842386609067612,0.002009783174733414,8.385604624037278,0.206991142467203,0.2625,0.0,35017.583357226795,474.16734050157976,2576000000.0,0.0,1.3593782359171891e-05,1.8407117255496243e-07,38908.0,527.0227699065763,560000000.0,0.0,120.9853691629736,29.78662463175956,1.2611802258170175e-07,3.421981052785393e-09
resnet18,cifar10,32,18,3,0.7525245018860423,0.001618171837310836,0.931,0.0,0.1784754981139577,0.0016181718373108657,77816.85190494843,1053.7052011146166,0.2968477321813523,0.004019566349466793,16.771209248074555,0.41398228493440725,0.2625,0.0,70035.16671445359,948.3346810031555,2576000000.0,0.0,2.7187564718343782e-05,3.681423451099263e-07,77816.33333333333,1053.6053973539322,560000000.0,0.0,135.37850267359832,44.58751312155894,2.522360451634035e-07,6.843962105570821e-09
resnet18,cifar10,64,18,3,0.903036168552709,0.0016181718373109249,0.931,0.0,0.027963831447291,0.0016181718373108709,155633.70380989686,2107.4104022292395,0.5936954643627047,0.008039132698933561,33.54241849614911,0.827964569868812,0.2625,0.0,140070.33342890718,1896.6693620063045,2576000000.0,0.0,5.4375129436687565e-05,7.362846902198469e-07,155633.33333333334,2107.3144837288373,560000000.0,0.0,124.50137492355871,63.09846863513553,5.04472090326807e-07,1.3687924211141624e-08
resnet18,cifar10,128,18,3,0.903036168552709,0.0016181718373108813,0.931,0.0,0.027963831447291,0.0016181718373108709,311267.4076197937,4214.820804458476,1.1873909287254094,0.016078265397867057,67.08483699229822,1.6559291397376292,0.2625,0.0,280140.66685781436,3793.338724012622,2576000000.0,0.0,0.00010875025887333333,1.4725693804384833e-06,311267.3333333333,4214.732771283774,560000000.0,0.0,144.33432548971447,20.593814794158938,1.008944180653614e-06,2.7375848422283248e-08
resnet18,cifar100,1,18,4,0.05000000000000001,0.0,0.731,0.0,0.6809999999999999,0.0,3624.577639533292,119.97978339239471,0.0138266664105731,0.00045768655163728247,0.5241002890023299,0.012936946404200187,0.2625,0.0,3262.119875579963,107.98180505315518,2576000000.0,0.0,1.2663508833773145e-06,4.1918402582746486e-08,3624.0,119.80400661079746,560000000.0,0.0,138.22623266726944,35.366069566717755,1.7522201549278265e-08,1.163026875707196e-09
resnet18,cifar100,2,18,4,0.11521118144919366,0.0033362885509759022,0.731,0.0,0.6157888185508064,0.0033362885509759374,7249.155279066584,239.95956678478976,0.027653332821146265,0.0009153731032745122,1.0482005780046597,0.025873892808400262,0.2625,0.0,6524.239751159926,215.96361010631028,2576000000.0,0.0,2.532701766754629e-06,8.383680516549284e-08,7248.333333333333,240.13815468045323,560000000.0,0.0,142.22820986224147,63.965295694290724,3.504440309855653e-08,2.32605375141439e-09
resnet18,cifar100,4,18,4,0.22973451478252702,0.0033362885509759617,0.731,0.0,0.5012654852174729,0.003336288550975951,14498.310558133167,479.9191335695795,0.055306665642292606,0.0018307462065490264,2.0964011560093194,0.051747785616800525,0.2625,0.0,13048.479502319848,431.9272202126203,2576000000.0,0.0,5.065403533509258e-06,1.6767361033098579e-07,14497.666666666666,480.27630936090645,560000000.0,0.0,104.83205235964424,70.33045674344828,7.008880619711306e-08,4.65210750282878e-09
resnet18,cifar100,8,18,4,0.3442578481158604,0.0033362885509759035,0.731,0.0,0.3867421518841396,0.0033362885509759096,28996.621116266335,959.8382671391579,0.11061333128458527,0.0036614924130980047,4.192802312018639,0.10349557123360145,0.2625,0.0,26096.959004639695,863.8544404252395,2576000000.0,0.0,1.0130807067018516e-05,3.353472206619733e-07,28996.0,960.0223955721033,560000000.0,0.0,156.33147950491548,10.777664927020192,1.4017761239422612e-07,9.304215005657569e-09
resnet18,cifar100,16,18,4,0.4587811814491937,0.0033362885509758988,0.731,0.0,0.27221881855080626,0.0033362885509759074,57993.24223253267,1919.6765342783153,0.2212266625691706,0.0073229848261959565,8.385604624037278,0.206991142467203,0.2625,0.0,52193.918009279405,1727.708880850483,2576000000.0,0.0,2.0261614134037032e-05,6.706944413239474e-07,57992.666666666664,1919.5146087835155,560000000.0,0.0,120.9853691629736,29.78662463175956,2.8035522478845224e-07,1.8608430011315138e-08
resnet18,cifar100,32,18,4,0.573304514782527,0.0033362885509758706,0.731,0.0,0.15769548521747304,0.0033362885509759022,115986.48446506534,3839.3530685566384,0.4424533251383413,0.014645969652391962,16.771209248074555,0.4139822849344042,0.2625,0.0,104387.83601855881,3455.4177617009614,2576000000.0,0.0,4.052322826807407e-05,1.3413888826478848e-06,115986.0,3839.0963780556485,560000000.0,0.0,135.37850267359832,44.58751312155894,5.607104495769045e-07,3.721686002263032e-08
resnet18,cifar100,64,18,4,0.6878278481158603,0.0033362885509758823,0.731,0.0,0.043172151884139566,0.0033362885509759114,231972.96893013068,7678.706137113277,0.8849066502766826,0.02929193930478387,33.54241849614911,0.8279645698688116,0.2625,0.0,208775.67203711762,6910.835523401923,2576000000.0,0.0,8.104645653614813e-05,2.682777765295777e-06,231972.66666666666,7678.655763434983,560000000.0,0.0,124.50137492355871,63.098468635135525,1.121420899153809e-06,7.443372004526064e-08
resnet18,cifar100,128,18,4,0.6878278481158603,0.0033362885509759174,0.731,0.0,0.043172151884139566,0.003336288550975912,463945.93786026136,15357.412274226566,1.7698133005533652,0.05858387860956773,67.08483699229822,1.655929139737624,0.2625,0.0,417551.3440742351,13821.671046803878,2576000000.0,0.0,0.00016209291307223335,5.365555530587786e-06,463945.3333333333,15357.311526869971,560000000.0,0.0,144.33432548971447,20.593814794158945,2.242841798307618e-06,1.4886744009052123e-07
resnet18,fashion_mnist,1,18,2,0.05000000000000001,0.0,0.941,0.0,0.8909999999999999,0.0,1524.519116565258,62.501394733174976,0.005815578905354467,0.0002384238995864184,0.5241002890023299,0.012936946404200228,0.2625,0.0,1372.0672049087323,56.251255259857565,2576000000.0,0.0,5.326347845142594e-07,2.1836667414540954e-08,1524.0,62.385895841928885,560000000.0,0.0,138.22623266726944,35.36606956671776,3.1010505393451473e-09,2.5302979820187943e-10
resnet18,fashion_mnist,2,18,2,0.15241045648046245,0.0014295749564371876,0.941,0.0,0.7885895435195375,0.0014295749564372635,3049.038233130516,125.00278946634951,0.011631157810709001,0.00047684779917278955,1.0482005780046597,0.025873892808400453,0.2625,0.0,2744.1344098174645,112.50251051971483,2576000000.0,0.0,1.0652695690285188e-06,4.367333482908181e-08,3048.3333333333335,125.237108451662,560000000.0,0.0,142.22820986224147,63.96529569429072,6.2021010786902945e-09,5.060595964037577e-10
resnet18,fashion_mnist,4,18,2,0.30453878981379573,0.0014295749564372058,0.941,0.0,0.6364612101862042,0.001429574956437148,6098.076466261032,250.00557893269902,0.023262315621418065,0.000953695598345532,2.0964011560093194,0.051747785616800906,0.2625,0.0,5488.268819634929,225.00502103942966,2576000000.0,0.0,2.1305391380570376e-06,8.73466696581639e-08,6097.333333333333,250.00866651644952,560000000.0,0.0,104.83205235964424,70.33045674344828,1.2404202157380589e-08,1.0121191928075154e-09
resnet18,fashion_mnist,8,18,2,0.45666712314712915,0.0014295749564372478,0.941,0.0,0.4843328768528707,0.0014295749564372478,12196.152932522064,500.01115786539845,0.0465246312428362,0.0019073911966911192,4.192802312018639,0.10349557123360183,0.2625,0.0,10976.537639269858,450.01004207885916,2576000000.0,0.0,4.261078276114075e-06,1.7469333931632763e-07,12195.666666666666,500.01733303289905,560000000.0,0.0,156.33147950491548,10.777664927020192,2.4808404314761178e-08,2.024238385615031e-09
resnet18,fashion_mnist,16,18,2,0.6087954564804624,0.0014295749564372424,0.941,0.0,0.3322045435195376,0.0014295749564371954,24392.305865044127,1000.0223157307961,0.09304926248567243,0.003814782393382239,8.385604624037278,0.20699114246720363,0.2625,0.0,21953.075278539716,900.0200841577175,2576000000.0,0.0,8.52215655222815e-06,3.493866786326556e-07,24392.0,999.9714995938634,560000000.0,0.0,120.9853691629736,29.786624631759565,4.9616808629522356e-08,4.048476771230062e-09
resnet18,fashion_mnist,32,18,2,0.7609237898137957,0.0014295749564371902,0.941,0.0,0.18007621018620426,0.0014295749564371876,48784.611730088254,2000.0446314615938,0.18609852497134496,0.007629564786764503,16.771209248074555,0.4139822849344073,0.2625,0.0,43906.15055707943,1800.0401683154373,2576000000.0,0.0,1.70443131044563e-05,6.987733572653105e-07,48784.333333333336,2000.0060833240825,560000000.0,0.0,135.37850267359832,44.587513121558956,9.923361725904471e-08,8.096953542460124e-09
resnet18,fashion_mnist,64,18,2,0.913052123147129,0.0014295749564372058,0.941,0.0,0.027947876852870767,0.0014295749564371908,97569.22346017651,4000.0892629231894,0.37219704994268993,0.015259129573529021,33.54241849614911,0.8279645698688084,0.2625,0.0,87812.30111415886,3600.080336630874,2576000000.0,0.0,3.40886262089126e-05,1.3975467145306198e-06,97569.0,4000.0753742898396,560000000.0,0.0,124.50137492355871,63.098468635135525,1.9846723451808942e-07,1.6193907084920234e-08
resnet18,fashion_mnist,128,18,2,0.913052123147129,0.0014295749564372058,0.941,0.0,0.027947876852870767,0.0014295749564371908,195138.44692035302,8000.178525846383,0.7443940998853799,0.030518259147058042,67.08483699229822,1.6559291397376168,0.2625,0.0,175624.60222831773,7200.160673261742,2576000000.0,0.0,6.81772524178252e-05,2.7950934290612396e-06,195138.0,8000.150748579679,560000000.0,0.0,144.33432548971447,20.593814794158938,3.9693446903617885e-07,3.238781416984052e-08
resnet18,mnist,1,18,1,0.05000000000000001,0.0,0.995,0.0,0.945,0.0,1040.040471486049,34.23690236542604,0.003967439542717134,0.00013060341783688296,0.5241002890023299,0.012936946404200131,0.2625,0.0,936.0364243374441,30.813212128883432,2576000000.0,0.0,3.633681771496289e-07,1.196165067115037e-08,1039.3333333333333,34.23935357645251,560000000.0,0.0,138.22623266726944,35.36606956671777,1.442682762895576e-09,9.459379849628998e-11
resnet18,mnist,2,18,1,0.16395236466344013,0.001137300765619581,0.995,0.0,0.8310476353365598,0.001137300765619545,2080.080942972098,68.47380473085197,0.007934879085434299,0.0002612068356737123,1.0482005780046597,0.025873892808400457,0.2625,0.0,1872.0728486748878,61.62642425776685,2576000000.0,0.0,7.267363542992578e-07,2.392330134230078e-08,2079.6666666666665,68.47870715290513,560000000.0,0.0,142.22820986224147,63.965295694290724,2.885365525791152e-09,1.8918759699257983e-10
resnet18,mnist,4,18,1,0.32646903133010685,0.0011373007656195577,0.995,0.0,0.6685309686698933,0.0011373007656195222,4160.161885944196,136.94760946170405,0.015869758170868633,0.0005224136713474709,2.0964011560093194,0.05174778561680075,0.2625,0.0,3744.1456973497757,123.25284851553357,2576000000.0,0.0,1.4534727085985156e-06,4.784660268460146e-08,4159.666666666667,137.02676137650386,560000000.0,0.0,104.83205235964424,70.33045674344827,5.770731051582304e-09,3.783751939851597e-10
resnet18,mnist,8,18,1,0.48898569799677344,0.0011373007656195863,0.995,0.0,0.5060143020032265,0.0011373007656194998,8320.323771888392,273.8952189234083,0.0317395163417373,0.0010448273426948873,4.192802312018639,0.10349557123360105,0.2625,0.0,7488.291394699551,246.5056970310676,2576000000.0,0.0,2.9069454171970313e-06,9.569320536920309e-08,8319.666666666666,273.5220892968851,560000000.0,0.0,156.33147950491548,10.777664927020192,1.1541462103164608e-08,7.567503879703198e-10
resnet18,mnist,16,18,1,0.6515023646634401,0.001137300765619599,0.995,0.0,0.34349763533655975,0.0011373007656195577,16640.647543776784,547.7904378468162,0.06347903268347464,0.002089654685389785,8.385604624037278,0.206991142467203,0.2625,0.0,14976.582789399103,493.0113940621343,2576000000.0,0.0,5.8138908343940625e-06,1.9138641073840584e-07,16640.0,547.5755655615031,560000000.0,0.0,120.9853691629736,29.78662463175956,2.3082924206329217e-08,1.5135007759406388e-09
resnet18,mnist,32,18,1,0.8140190313301069,0.001137300765619545,0.995,0.0,0.18098096866989302,0.0011373007656195287,33281.29508755357,1095.5808756936315,0.1269580653669493,0.0041793093707795026,16.771209248074555,0.41398228493440725,0.2625,0.0,29953.165578798205,986.0227881242696,2576000000.0,0.0,1.1627781668788125e-05,3.82772821476813e-07,33280.666666666664,1095.6825878571472,560000000.0,0.0,135.37850267359832,44.58751312155894,4.6165848412658434e-08,3.027001551881277e-09
resnet18,mnist,64,18,1,0.9765356979967734,0.001137300765619482,0.995,0.0,0.018464302003226466,0.0011373007656195707,66562.59017510714,2191.1617513872666,0.2539161307338986,0.008358618741559057,33.54241849614911,0.8279645698688084,0.2625,0.0,59906.33115759641,1972.0455762485408,2576000000.0,0.0,2.325556333757625e-05,7.655456429536247e-07,66562.0,2190.9041512581057,560000000.0,0.0,124.50137492355871,63.098468635135525,9.233169682531687e-08,6.0540031037625585e-09
resnet18,mnist,128,18,1,0.9765356979967734,0.0011373007656194567,0.995,0.0,0.018464302003226466,0.0011373007656195707,133125.18035021427,4382.323502774526,0.5078322614677974,0.016717237483118166,67.08483699229822,1.655929139737629,0.2625,0.0,119812.66231519285,3944.0911524970634,2576000000.0,0.0,4.65111266751525e-05,1.531091285907252e-06,133124.66666666666,4382.339824036169,560000000.0,0.0,144.33432548971447,20.593814794158938,1.8466339365063373e-07,1.2108006207525109e-08
resnet18,tiny_imagenet,1,18,5,0.05000000000000001,0.0,0.612,0.0,0.5619999999999999,0.0,5291.83544004043,90.36711977175779,0.020186750183259633,0.00034472320469575455,0.5241002890023299,0.012936946404200187,0.2625,0.0,4762.6518960363865,81.33040779458217,2576000000.0,0.0,1.8488555497035663e-06,3.157236327429429e-08,5291.333333333333,90.22379582645219,560000000.0,0.0,138.22623266726944,35.366069566717755,3.7329640924297653e-08,1.2759619858208862e-09
resnet18,tiny_imagenet,2,18,5,0.09466610425660986,0.005009697849556429,0.612,0.0,0.5173338957433901,0.005009697849556417,10583.670880080861,180.73423954351713,0.0403735003665193,0.0006894464093914643,1.0482005780046597,0.025873892808400457,0.2625,0.0,9525.303792072773,162.66081558916284,2576000000.0,0.0,3.6977110994071326e-06,6.314472654858846e-08,10583.333333333334,180.92632017850087,560000000.0,0.0,142.22820986224147,63.965295694290724,7.465928184859535e-08,2.5519239716417886e-09
resnet18,tiny_imagenet,4,18,5,0.18850610425660985,0.0050096978495564265,0.612,0.0,0.4234938957433901,0.005009697849556398,21167.34176016172,361.46847908703114,0.0807470007330387,0.0013788928187829252,2.0964011560093194,0.05174778561680075,0.2625,0.0,19050.607584145546,325.32163117832573,2576000000.0,0.0,7.395422198814265e-06,1.2628945309717715e-07,21167.0,361.8134878635676,560000000.0,0.0,104.83205235964424,70.33045674344827,1.4931856369719061e-07,5.103847943283545e-09
resnet18,tiny_imagenet,8,18,5,0.28234610425660983,0.005009697849556428,0.612,0.0,0.3296538957433901,0.005009697849556428,42334.68352032344,722.9369581740641,0.1614940014660775,0.0027577856375658573,4.192802312018639,0.10349557123360181,0.2625,0.0,38101.21516829109,650.6432623566544,2576000000.0,0.0,1.479084439762853e-05,2.525789061943543e-07,42334.333333333336,723.1475183759774,560000000.0,0.0,156.33147950491548,10.777664927020192,2.9863712739438123e-07,1.020769588656711e-08
resnet18,tiny_imagenet,16,18,5,0.37618610425660987,0.005009697849556428,0.612,0.0,0.23581389574339004,0.005009697849556432,84669.36704064687,1445.8739163481282,0.32298800293215507,0.0055155712751316895,8.385604624037278,0.20699114246720363,0.2625,0.0,76202.43033658218,1301.2865247133088,2576000000.0,0.0,2.958168879525706e-05,5.051578123887086e-07,84669.0,1446.2562013695913,560000000.0,0.0,120.9853691629736,29.786624631759565,5.972742547887625e-07,2.041539177313422e-08
resnet18,tiny_imagenet,32,18,5,0.47002610425660984,0.00500969784955641,0.612,0.0,0.14197389574339003,0.005009697849556418,169338.73408129375,2891.747832696257,0.6459760058643103,0.011031142550263431,16.771209248074555,0.4139822849344058,0.2625,0.0,152404.86067316437,2602.573049426613,2576000000.0,0.0,5.916337759051412e-05,1.0103156247774155e-06,169338.33333333334,2892.0329066823065,560000000.0,0.0,135.37850267359832,44.587513121558956,1.194548509577525e-06,4.0830783546268327e-08
resnet18,tiny_imagenet,64,18,5,0.5638661042566099,0.005009697849556437,0.612,0.0,0.0481338957433901,0.005009697849556373,338677.4681625875,5783.495665392527,1.2919520117286205,0.022062285100526914,33.54241849614911,0.827964569868812,0.2625,0.0,304809.72134632873,5205.146098853229,2576000000.0,0.0,0.000118326755181,2.0206312495689587e-06,338677.0,5783.586344129393,560000000.0,0.0,124.50137492355871,63.09846863513553,2.38909701915505e-06,8.166156709253672e-08
resnet18,tiny_imagenet,128,18,5,0.5638661042566099,0.005009697849556411,0.612,0.0,0.0481338957433901,0.0050096978495563745,677354.936325175,11566.991330785055,2.583904023457241,0.04412457020105383,67.08483699229822,1.6559291397376168,0.2625,0.0,609619.4426926575,10410.292197706427,2576000000.0,0.0,0.000236653510362,4.041262499137907e-06,677354.3333333334,11566.693232438258,560000000.0,0.0,144.33432548971447,20.593814794158938,4.7781940383101e-06,1.6332313418507312e-07
resnet34,cifar10,1,34,3,0.05000000000000001,0.0,0.941,0.0,0.8909999999999999,0.0,3623.9002542598896,16.83432990551639,0.009216054927215235,4.281191483950237e-05,0.7079582143513968,0.009732377578749932,0.3625,0.0,3261.510228833901,15.150896914964676,3357999999.9999995,0.0,9.712657024520255e-07,4.511881153950102e-09,3623.3333333333335,16.563010998406455,730000000.0,0.0,138.22623266726944,35.36606956671776,8.951366837566032e-09,8.312826452290055e-11
resnet34,cifar10,2,34,3,0.15113658487236123,0.0017920156481541223,0.941,0.0,0.7898634151276388,0.0017920156481541103,7247.800508519779,33.66865981103255,0.018432109854430532,8.562382967895819e-05,1.4159164287027937,0.019464755157499868,0.3625,0.0,6523.020457667802,30.301793829929803,3357999999.9999995,0.0,1.942531404904051e-06,9.023762307900239e-09,7247.333333333333,33.650160970392704,730000000.0,0.0,142.22820986224147,63.96529569429071,1.7902733675132063e-08,1.6625652904580082e-10
resnet34,cifar10,4,34,3,0.30326491820569457,0.0017920156481540726,0.941,0.0,0.6377350817943054,0.0017920156481541138,14495.60101703956,67.3373196220657,0.03686421970886113,0.0001712476593578719,2.8318328574055873,0.03892951031499973,0.3625,0.0,13046.040915335603,60.603587659858704,3357999999.9999995,0.0,3.885062809808102e-06,1.8047524615800408e-08,14495.0,67.35725647619564,730000000.0,0.0,104.83205235964424,70.33045674344827,3.580546735026413e-08,3.325130580916034e-10
resnet34,cifar10,8,34,3,0.455393251539028,0.0017920156481540726,0.941,0.0,0.4856067484609719,0.0017920156481540726,28991.20203407912,134.6746392441314,0.0737284394177223,0.00034249531871575003,5.663665714811175,0.0778590206299999,0.3625,0.0,26092.081830671206,121.20717531971921,3357999999.9999995,0.0,7.770125619616204e-06,3.609504923160166e-08,28990.333333333332,134.7751213441611,730000000.0,0.0,156.33147950491548,10.777664927020192,7.161093470052827e-08,6.650261161832002e-10
resnet34,cifar10,16,34,3,0.6075215848723612,0.0017920156481541405,0.941,0.0,0.3334784151276387,0.0017920156481541015,57982.40406815824,269.34927848826175,0.1474568788354447,0.0006849906374315078,11.32733142962235,0.15571804125999936,0.3625,0.0,52184.16366134241,242.4143506394365,3357999999.9999995,0.0,1.5540251239232408e-05,7.219009846320286e-08,57981.666666666664,269.55024268832113,730000000.0,0.0,120.9853691629736,29.786624631759558,1.4322186940105653e-07,1.3300522323664047e-09
resnet34,cifar10,32,34,3,0.7596499182056945,0.0017920156481541045,0.941,0.0,0.18135008179430545,0.0017920156481540915,115964.80813631648,538.6985569765149,0.29491375767088945,0.0013699812748630062,22.6546628592447,0.3114360825199978,0.3625,0.0,104368.32732268483,484.82870127886963,3357999999.9999995,0.0,3.1080502478464816e-05,1.4438019692640327e-07,115964.33333333333,539.1004853766444,730000000.0,0.0,135.37850267359832,44.587513121558956,2.864437388021131e-07,2.660104464732748e-09
resnet34,cifar10,64,34,3,0.9117782515390279,0.001792015648154043,0.941,0.0,0.029221748460972002,0.0017920156481541407,231929.61627263296,1077.3971139530543,0.5898275153417789,0.002739962549725983,45.3093257184894,0.6228721650399958,0.3625,0.0,208736.65464536965,969.6574025577537,3357999999.9999995,0.0,6.216100495692963e-05,2.8876039385280764e-07,231929.0,1077.6729559564906,730000000.0,0.0,124.50137492355871,63.09846863513553,5.728874776042261e-07,5.32020892946558e-09
resnet34,cifar10,128,34,3,0.9117782515390279,0.0017920156481540765,0.941,0.0,0.029221748460972002,0.0017920156481541396,463859.23254526587,2154.794227906098,1.1796550306835578,0.005479925099452025,90.61865143697878,1.2457443300799986,0.3625,0.0,417473.3092907393,1939.3148051155074,3357999999.9999995,0.0,0.00012432200991383335,5.775207876988667e-07,463858.6666666667,2154.879656345878,730000000.0,0.0,144.33432548971447,20.593814794158938,1.145774955208452e-06,1.0640417858931165e-08
resnet34,cifar100,1,34,4,0.05000000000000001,0.0,0.751,0.0,0.701,0.0,5190.792462384589,129.6564178280794,0.0132008678751235,0.0003297333217062909,0.7079582143513968,0.009732377578749932,0.3625,0.0,4671.71321614613,116.69077604527062,3357999999.9999995,0.0,1.391218944653404e-06,3.475008220526232e-08,5190.333333333333,129.67780586258144,730000000.0,0.0,138.22623266726944,35.36606956671776,1.837293631376184e-08,9.122057252188271e-10
resnet34,cifar100,2,34,4,0.11930948046965227,0.0030216987286557488,0.751,0.0,0.6316905195303476,0.003021698728655675,10381.584924769179,259.3128356561587,0.02640173575024707,0.0006594666434126388,1.4159164287027937,0.019464755157499868,0.3625,0.0,9343.426432292259,233.38155209054273,3357999999.9999995,0.0,2.782437889306808e-06,6.95001644105248e-08,10381.333333333334,259.1801175501961,730000000.0,0.0,142.22820986224147,63.96529569429071,3.6745872627523686e-08,1.8244114504376594e-09
resnet34,cifar100,4,34,4,0.2382178138029856,0.003021698728655708,0.751,0.0,0.5127821861970143,0.0030216987286556273,20763.169849538357,518.6256713123176,0.0528034715004942,0.0013189332868253293,2.8318328574055873,0.03892951031499973,0.3625,0.0,18686.852864584518,466.7631041810863,3357999999.9999995,0.0,5.564875778613616e-06,1.3900032882104927e-07,20763.0,518.7494578310419,730000000.0,0.0,104.83205235964424,70.33045674344827,7.349174525504736e-08,3.6488229008753084e-09
resnet34,cifar100,8,34,4,0.3571261471363189,0.003021698728655668,0.751,0.0,0.393873852863681,0.003021698728655766,41526.339699076714,1037.2513426246328,0.1056069430009885,0.0026378665736506665,5.663665714811175,0.07785902062999968,0.3625,0.0,37373.70572916904,933.5262083621705,3357999999.9999995,0.0,1.1129751557227232e-05,2.7800065764209907e-07,41526.0,1037.4989156620838,730000000.0,0.0,156.33147950491548,10.777664927020192,1.4698349051009472e-07,7.297645801750629e-09
resnet34,cifar100,16,34,4,0.4760344804696523,0.0030216987286557275,0.751,0.0,0.2749655195303477,0.0030216987286557067,83052.67939815343,2074.5026852492656,0.21121388600197702,0.005275733147301377,11.32733142962235,0.15571804125999936,0.3625,0.0,74747.41145833809,1867.052416724341,3357999999.9999995,0.0,2.2259503114454464e-05,5.560013152841981e-07,83052.33333333333,2074.433979024962,730000000.0,0.0,120.9853691629736,29.786624631759555,2.9396698102018944e-07,1.4595291603501258e-08
resnet34,cifar100,32,34,4,0.5949428138029856,0.0030216987286557423,0.751,0.0,0.15605718619701428,0.0030216987286557093,166105.35879630686,4149.005370498531,0.42242777200395415,0.010551466294602808,22.6546628592447,0.3114360825199987,0.3625,0.0,149494.82291667617,3734.104833448668,3357999999.9999995,0.0,4.451900622890893e-05,1.1120026305683963e-06,166104.66666666666,4148.867958049924,730000000.0,0.0,135.37850267359832,44.58751312155894,5.879339620403789e-07,2.9190583207002467e-08
resnet34,cifar100,64,34,4,0.7138511471363188,0.0030216987286557423,0.751,0.0,0.03714885286368107,0.003021698728655766,332210.7175926137,8298.010740997082,0.8448555440079083,0.021102932589205536,45.3093257184894,0.6228721650399958,0.3625,0.0,298989.64583335235,7468.209666897351,3357999999.9999995,0.0,8.903801245781786e-05,2.2240052611367934e-06,332210.3333333333,8297.735916099837,730000000.0,0.0,124.50137492355871,63.09846863513553,1.1758679240807578e-06,5.838116641400501e-08
resnet34,cifar100,128,34,4,0.7138511471363188,0.0030216987286557423,0.751,0.0,0.03714885286368107,0.003021698728655766,664421.4351852274,16596.021481994176,1.6897110880158166,0.04220586517841107,90.61865143697878,1.2457443300799937,0.3625,0.0,597979.2916667047,14936.419333794702,3357999999.9999995,0.0,0.00017807602491559999,4.448010522254795e-06,664421.0,16595.861261169906,730000000.0,0.0,144.33432548971447,20.593814794158945,2.3517358481615155e-06,1.1676233282801007e-07
resnet34,fashion_mnist,1,34,2,0.05000000000000001,0.0,0.945,0.0,0.8949999999999999,0.0,2278.8255999201965,66.20640843437016,0.0057953531899011665,0.00016837160348095068,0.7079582143513968,0.009732377578749934,0.3625,0.0,2050.943039928177,59.58576759093306,3357999999.9999995,0.0,6.107632638261397e-07,1.774442155775256e-08,2278.3333333333335,66.28976793844829,730000000.0,0.0,138.22623266726944,35.366069566717755,3.541580600429644e-09,2.0457194041366403e-10
resnet34,fashion_mnist,2,34,2,0.14926811511200397,0.0027146136946064898,0.945,0.0,0.7957318848879961,0.0027146136946064937,4557.651199840393,132.41281686874007,0.011590706379802368,0.0003367432069619142,1.4159164287027937,0.019464755157499864,0.3625,0.0,4101.886079856354,119.17153518186605,3357999999.9999995,0.0,1.2215265276522794e-06,3.548884311550499e-08,4557.333333333333,132.4474738654284,730000000.0,0.0,142.22820986224147,63.965295694290724,7.083161200859288e-09,4.0914388082732817e-10
resnet34,fashion_mnist,4,34,2,0.302043115112004,0.002714613694606482,0.945,0.0,0.642956884887996,0.00271461369460647,9115.302399680786,264.82563373748013,0.023181412759604798,0.0006734864139238149,2.8318328574055873,0.03892951031499973,0.3625,0.0,8203.772159712707,238.3430703637321,3357999999.9999995,0.0,2.4430530553045588e-06,7.097768623100997e-08,9115.0,265.0264137779478,730000000.0,0.0,104.83205235964424,70.33045674344827,1.4166322401718576e-08,8.182877616546563e-10
resnet34,fashion_mnist,8,34,2,0.4548181151120041,0.0027146136946064937,0.945,0.0,0.4901818848879958,0.0027146136946064937,18230.604799361572,529.6512674749611,0.04636282551920967,0.0013469728278476844,5.663665714811175,0.07785902062999968,0.3625,0.0,16407.544319425415,476.68614072746584,3357999999.9999995,0.0,4.8861061106091175e-06,1.4195537246202019e-07,18230.0,530.0528275558956,730000000.0,0.0,156.33147950491548,10.777664927020192,2.8332644803437153e-08,1.6365755233093131e-09
resnet34,fashion_mnist,16,34,2,0.607593115112004,0.0027146136946065097,0.945,0.0,0.33740688488799603,0.0027146136946064295,36461.209598723144,1059.3025349499205,0.0927256510384194,0.0026939456556953566,11.32733142962235,0.1557180412599998,0.3625,0.0,32815.08863885083,953.3722814549284,3357999999.9999995,0.0,9.772212221218235e-06,2.8391074492404074e-07,36460.666666666664,1059.6850160936192,730000000.0,0.0,120.9853691629736,29.786624631759565,5.6665289606874306e-08,3.2731510466186254e-09
resnet34,fashion_mnist,32,34,2,0.760368115112004,0.0027146136946064937,0.945,0.0,0.18463188488799598,0.002714613694606466,72922.41919744629,2118.6050698998442,0.18545130207683888,0.005387891311390786,22.6546628592447,0.3114360825199987,0.3625,0.0,65630.17727770166,1906.7445629098634,3357999999.9999995,0.0,1.954442444243647e-05,5.678214898480807e-07,72921.66666666667,2118.8172014908087,730000000.0,0.0,135.37850267359832,44.587513121558956,1.1333057921374861e-07,6.5463020932372524e-09
resnet34,fashion_mnist,64,34,2,0.9131431151120041,0.0027146136946064937,0.945,0.0,0.031856884887995866,0.0027146136946064625,145844.83839489258,4237.21013979968,0.37090260415367776,0.010775782622781584,45.3093257184894,0.6228721650399973,0.3625,0.0,131260.35455540332,3813.489125819716,3357999999.9999995,0.0,3.908884888487294e-05,1.1356429796961615e-06,145844.0,4237.213825145009,730000000.0,0.0,124.50137492355871,63.09846863513553,2.2666115842749722e-07,1.3092604186474498e-08
resnet34,fashion_mnist,128,34,2,0.9131431151120041,0.0027146136946064937,0.945,0.0,0.031856884887995866,0.002714613694606463,291689.67678978515,8474.420279599377,0.7418052083073556,0.02155156524556318,90.61865143697878,1.2457443300799884,0.3625,0.0,262520.70911080664,7626.978251639453,3357999999.9999995,0.0,7.817769776974588e-05,2.271285959392323e-06,291689.0,8474.427650290017,730000000.0,0.0,144.33432548971447,20.59381479415895,4.5332231685499444e-07,2.618520837294901e-08
resnet34,mnist,1,34,1,0.05000000000000001,0.0,0.996,0.0,0.9460000000000001,0.0,1576.1712849658027,18.367686641798127,0.004008410860610433,4.671144267221338e-05,0.7079582143513968,0.009732377578749932,0.3625,0.0,1418.5541564692228,16.530917977618504,3357999999.9999995,0.0,4.224401895381843e-07,4.922846330440255e-09,1575.6666666666667,18.610033136277117,730000000.0,0.0,138.22623266726944,35.36606956671776,1.6934671458726316e-09,3.9428538959577315e-11
resnet34,mnist,2,34,1,0.16113998536522,0.0012290902471750172,0.996,0.0,0.83486001463478,0.0012290902471750128,3152.3425699316062,36.73537328359653,0.008016821721220866,9.342288534442761e-05,1.4159164287027937,0.019464755157499916,0.3625,0.0,2837.1083129384456,33.06183595523679,3357999999.9999995,0.0,8.448803790763686e-07,9.845692660880523e-09,3151.6666666666665,36.6924152016916,730000000.0,0.0,142.22820986224147,63.96529569429071,3.3869342917452637e-09,7.885707791915538e-11
resnet34,mnist,4,34,1,0.32547998536522,0.0012290902471750226,0.996,0.0,0.67052001463478,0.0012290902471749517,6304.6851398632125,73.4707465671929,0.016033643442441802,0.00018684577068884897,2.8318328574055873,0.03892951031499984,0.3625,0.0,5674.216625876891,66.12367191047417,3357999999.9999995,0.0,1.6897607581527373e-06,1.9691385321761133e-08,6304.0,73.32803011127464,730000000.0,0.0,104.83205235964424,70.33045674344827,6.7738685834905274e-09,1.577141558383101e-10
resnet34,mnist,8,34,1,0.4898199853652199,0.0012290902471749727,0.996,0.0,0.50618001463478,0.0012290902471750133,12609.370279726425,146.94149313438652,0.03206728688488363,0.0003736915413777001,5.663665714811175,0.07785902062999946,0.3625,0.0,11348.433251753782,132.24734382094846,3357999999.9999995,0.0,3.3795215163054745e-06,3.9382770643522226e-08,12609.0,146.65606022254929,730000000.0,0.0,156.33147950491548,10.777664927020192,1.3547737166981058e-08,3.1542831167662364e-10
resnet34,mnist,16,34,1,0.6541599853652201,0.001229090247175071,0.996,0.0,0.3418400146347799,0.0012290902471750228,25218.74055945285,293.8829862687709,0.06413457376976729,0.0007473830827554475,11.32733142962235,0.1557180412599989,0.3625,0.0,22696.866503507565,264.4946876418969,3357999999.9999995,0.0,6.759043032610949e-06,7.876554128704408e-08,25218.333333333332,293.7827995872692,730000000.0,0.0,120.9853691629736,29.786624631759558,2.709547433396211e-08,6.308566233532418e-10
resnet34,mnist,32,34,1,0.8184999853652202,0.0012290902471750133,0.996,0.0,0.17750001463477982,0.0012290902471750217,50437.4811189057,587.7659725375438,0.1282691475395347,0.0014947661655109233,22.6546628592447,0.3114360825199996,0.3625,0.0,45393.73300701513,528.9893752837921,3357999999.9999995,0.0,1.3518086065221898e-05,1.5753108257408867e-07,50437.0,587.6197750246328,730000000.0,0.0,135.37850267359832,44.58751312155894,5.419094866792422e-08,1.2617132467064836e-09
resnet34,mnist,64,34,1,0.9828399853652199,0.0012290902471750595,0.996,0.0,0.013160014634779999,0.0012290902471750187,100874.96223781137,1175.5319450750983,0.2565382950790695,0.0029895323310218753,45.3093257184894,0.6228721650399973,0.3625,0.0,90787.46601403026,1057.9787505675913,3357999999.9999995,0.0,2.7036172130443796e-05,3.1506216514817675e-07,100874.33333333333,1175.2941475789492,730000000.0,0.0,124.50137492355871,63.09846863513553,1.0838189733584843e-07,2.5234264934129846e-09
resnet34,mnist,128,34,1,0.98283998536522,0.0012290902471751401,0.996,0.0,0.0131600146347799,0.0012290902471750191,201749.92447562274,2351.0638901501966,0.513076590158139,0.005979064662043758,90.61865143697878,1.2457443300799924,0.3625,0.0,181574.93202806052,2115.9575011351785,3357999999.9999995,0.0,5.407234426088759e-05,6.301243302963561e-07,201749.0,2351.0586976934455,730000000.0,0.0,144.33432548971447,20.593814794158938,2.1676379467169685e-07,5.046852986825953e-09
resnet34,tiny_imagenet,1,34,5,0.05000000000000001,0.0,0.641,0.0,0.591,0.0,7751.885337195718,135.7966928072355,0.0197140638661593,0.00034534884848843407,0.7079582143513968,0.009732377578749934,0.3625,0.0,6976.696803476146,122.2170235265114,3357999999.9999995,0.0,2.0776345454068334e-06,3.639577829854426e-08,7751.0,135.72398461583714,730000000.0,0.0,138.22623266726944,35.366069566717755,4.0966999612106105e-08,1.4362670982814015e-09
resnet34,tiny_imagenet,2,34,5,0.10003472231146034,0.0035863572480872062,0.641,0.0,0.5409652776885396,0.0035863572480871655,15503.770674391437,271.5933856144711,0.039428127732318664,0.0006906976969769149,1.4159164287027937,0.01946475515749992,0.3625,0.0,13953.393606952292,244.43404705302328,3357999999.9999995,0.0,4.155269090813667e-06,7.279155659708852e-08,15503.0,271.4479692316743,730000000.0,0.0,142.22820986224147,63.96529569429072,8.193399922421222e-08,2.8725341965628047e-09
resnet34,tiny_imagenet,4,34,5,0.19938972231146032,0.0035863572480872028,0.641,0.0,0.4416102776885396,0.003586357248087189,31007.541348782874,543.1867712289426,0.0788562554646374,0.0013813953939537833,2.8318328574055873,0.03892951031499995,0.3625,0.0,27906.787213904583,488.8680941060456,3357999999.9999995,0.0,8.310538181627334e-06,1.4558311319417704e-07,31007.0,542.8959384633486,730000000.0,0.0,104.83205235964424,70.33045674344828,1.6386799844842442e-07,5.7450683931256235e-09
resnet34,tiny_imagenet,8,34,5,0.2987447223114604,0.003586357248087135,0.641,0.0,0.3422552776885395,0.0035863572480871716,62015.08269756575,1086.3735424578852,0.15771251092927482,0.0027627907879076105,5.663665714811175,0.07785902062999946,0.3625,0.0,55813.574427809166,977.7361882120932,3357999999.9999995,0.0,1.6621076363254667e-05,2.9116622638835407e-07,62014.666666666664,1086.27452024492,730000000.0,0.0,156.33147950491548,10.777664927020192,3.2773599689684884e-07,1.1490136786251247e-08
resnet34,tiny_imagenet,16,34,5,0.39809972231146035,0.0035863572480872023,0.641,0.0,0.2429002776885396,0.0035863572480871915,124030.1653951315,2172.747084915773,0.31542502185854965,0.005525581575815221,11.32733142962235,0.1557180412599989,0.3625,0.0,111627.14885561833,1955.4723764241865,3357999999.9999995,0.0,3.3242152726509334e-05,5.823324527767081e-07,124029.66666666667,2172.5161295910652,730000000.0,0.0,120.9853691629736,29.786624631759558,6.554719937936977e-07,2.298027357250251e-08
resnet34,tiny_imagenet,32,34,5,0.49745472231146043,0.0035863572480871945,0.641,0.0,0.14354527768853956,0.0035863572480872028,248060.330790263,4345.494169831546,0.6308500437170994,0.011051163151630437,22.6546628592447,0.3114360825199978,0.3625,0.0,223254.29771123666,3910.944752848373,3357999999.9999995,0.0,6.648430545301867e-05,1.1646649055534163e-06,248060.0,4345.515044272658,730000000.0,0.0,135.37850267359832,44.587513121558956,1.3109439875873953e-06,4.596054714500502e-08
resnet34,tiny_imagenet,64,34,5,0.5968097223114605,0.003586357248087215,0.641,0.0,0.044190277688539566,0.003586357248087147,496120.661580526,8690.988339663087,1.2617000874341988,0.022102326303260814,45.3093257184894,0.6228721650399973,0.3625,0.0,446508.5954224733,7821.8895056967585,3357999999.9999995,0.0,0.00013296861090599999,2.3293298111416405e-06,496120.0,8691.030088545316,730000000.0,0.0,124.50137492355871,63.09846863513553,2.6218879751747907e-06,9.192109429001002e-08
resnet34,tiny_imagenet,128,34,5,0.5968097223114605,0.003586357248087158,0.641,0.0,0.044190277688539566,0.003586357248087145,992241.3231610517,17381.976679326042,2.5234001748683976,0.04420465260652146,90.61865143697878,1.2457443300799884,0.3625,0.0,893017.1908449467,15643.77901139349,3357999999.9999995,0.0,0.0002659372218120333,4.658659622235014e-06,992240.6666666666,17382.092979078607,730000000.0,0.0,144.33432548971447,20.59381479415895,5.243775950349581e-06,1.8384218858001905e-07
vgg11,cifar10,1,11,3,0.05000000000000001,0.0,0.912,0.0,0.862,0.0,1891.8737596193669,14.936186812964817,0.014433851315455333,0.00011395406198855016,0.30110002431766364,0.007837273983229217,0.15,0.0,1702.6863836574303,13.442568131668615,736000000.0,0.0,2.3134325864910737e-06,1.8264358874549582e-08,1891.3333333333333,14.502873278538061,160000000.0,0.0,138.22623266726944,35.36606956671777,3.339312951366376e-08,5.273086942328086e-10
vgg11,cifar10,2,11,3,0.14300447196505586,0.000683928904998187,0.912,0.0,0.7689955280349441,0.0006839289049982012,3783.7475192387337,29.872373625929804,0.028867702630910697,0.00022790812397710162,0.6022000486353273,0.01567454796645847,0.15,0.0,3405.3727673148605,26.885136263336943,736000000.0,0.0,4.626865172982147e-06,3.652871774909948e-08,3783.3333333333335,29.50141239556738,160000000.0,0.0,142.22820986224147,63.96529569429071,6.678625902732752e-08,1.0546173884656205e-09
vgg11,cifar10,4,11,3,0.2889244719650559,0.000683928904998188,0.912,0.0,0.6230755280349441,0.0006839289049982292,7567.495038477467,59.74474725185994,0.057735405261821436,0.0004558162479542479,1.2044000972706546,0.031349095932916834,0.15,0.0,6810.745534629721,53.770272526674006,736000000.0,0.0,9.253730345964295e-06,7.305743549819832e-08,7567.0,59.50630218724736,160000000.0,0.0,104.83205235964424,70.33045674344827,1.3357251805465504e-07,2.1092347769312538e-09
vgg11,cifar10,8,11,3,0.4348444719650559,0.000683928904998152,0.912,0.0,0.47715552803494415,0.0006839289049981729,15134.990076954933,119.48949450371967,0.11547081052364294,0.0009116324959085019,2.408800194541309,0.06269819186583388,0.15,0.0,13621.491069259442,107.54054505334777,736000000.0,0.0,1.850746069192859e-05,1.4611487099639793e-07,15134.333333333334,119.51708385554505,160000000.0,0.0,156.33147950491548,10.77766492702019,2.671450361093101e-07,4.218469553862515e-09
vgg11,cifar10,16,11,3,0.580764471965056,0.0006839289049982012,0.912,0.0,0.33123552803494405,0.0006839289049982012,30269.980153909866,238.97898900743934,0.2309416210472859,0.0018232649918170046,4.817600389082618,0.12539638373166775,0.15,0.0,27242.982138518884,215.08109010669554,736000000.0,0.0,3.701492138385718e-05,2.9222974199279586e-07,30269.666666666668,239.0341677110901,160000000.0,0.0,120.9853691629736,29.78662463175956,5.342900722186202e-07,8.43693910772503e-09
vgg11,cifar10,32,11,3,0.7266844719650557,0.0006839289049982017,0.912,0.0,0.1853155280349442,0.0006839289049982018,60539.96030781973,477.9579780148805,0.46188324209457193,0.0036465299836340574,9.635200778165236,0.2507927674633347,0.15,0.0,54485.96427703777,430.1621802133947,736000000.0,0.0,7.402984276771436e-05,5.844594839855901e-07,60539.666666666664,478.05892244924604,160000000.0,0.0,135.37850267359832,44.58751312155894,1.0685801444372403e-06,1.687387821544995e-08
vgg11,cifar10,64,11,3,0.8726044719650559,0.0006839289049982012,0.912,0.0,0.03939552803494414,0.0006839289049982001,121079.92061563946,955.9159560297574,0.9237664841891439,0.007293059967268115,19.270401556330473,0.501585534926671,0.15,0.0,108971.92855407554,860.3243604267822,736000000.0,0.0,0.00014805968553539999,1.1689189679799526e-06,121079.33333333333,956.1178448984883,160000000.0,0.0,124.50137492355871,63.09846863513553,2.1371602888744806e-06,3.374775643090012e-08
vgg11,cifar10,128,11,3,0.8726044719650559,0.0006839289049982012,0.912,0.0,0.03939552803494414,0.0006839289049982001,242159.84123127893,1911.8319120595147,1.8475329683782877,0.01458611993453623,38.540803112660946,1.003171069853342,0.15,0.0,217943.85710815107,1720.6487208535643,736000000.0,0.0,0.00029611937107083336,2.3378379359590013e-06,242159.0,1911.7403066316303,160000000.0,0.0,144.33432548971447,20.593814794158945,4.274320577748961e-06,6.749551286180024e-08
vgg11,cifar100,1,11,4,0.05000000000000001,0.0,0.6919999999999998,0.0,0.6419999999999999,0.0,2773.3239215920235,85.33332334154262,0.021158782360778935,0.0006510415904353664,0.30110002431766364,0.007837273983229235,0.15,0.0,2495.9915294328216,76.79999100738823,736000000.0,0.0,3.3912928389032896e-06,1.0434781386873417e-07,2772.6666666666665,85.23105850177697,160000000.0,0.0,138.22623266726944,35.36606956671777,7.18009169444894e-08,4.454670305599518e-09
vgg11,cifar100,2,11,4,0.10670464689997194,0.0036277425944232326,0.6919999999999998,0.0,0.5852953531000279,0.003627742594423124,5546.647843184047,170.66664668308485,0.0423175647215579,0.001302083180870709,0.6022000486353273,0.015674547966458435,0.15,0.0,4991.983058865643,153.59998201477669,736000000.0,0.0,6.782585677806579e-06,2.0869562773746802e-07,5546.333333333333,170.46211700355414,160000000.0,0.0,142.22820986224147,63.965295694290724,1.436018338889788e-07,8.909340611199043e-09
vgg11,cifar100,4,11,4,0.21396464689997194,0.00362774259442323,0.6919999999999998,0.0,0.4780353531000279,0.0036277425944232088,11093.295686368094,341.33329336617095,0.08463512944311591,0.0026041663617414083,1.2044000972706546,0.03134909593291687,0.15,0.0,9983.966117731286,307.19996402955337,736000000.0,0.0,1.356517135561316e-05,4.173912554749373e-07,11093.0,341.501098094867,160000000.0,0.0,104.83205235964424,70.33045674344828,2.8720366777795756e-07,1.78186812223981e-08
vgg11,cifar100,8,11,4,0.321224646899972,0.0036277425944231875,0.6919999999999998,0.0,0.37077535310002796,0.0036277425944232326,22186.591372736188,682.6665867323393,0.16927025888623184,0.005208332723482835,2.408800194541309,0.06269819186583367,0.15,0.0,19967.932235462573,614.3999280591067,736000000.0,0.0,2.7130342711226317e-05,8.347825109498721e-07,22186.0,683.002196189734,160000000.0,0.0,156.33147950491548,10.777664927020192,5.744073355559152e-07,3.563736244479617e-08
vgg11,cifar100,16,11,4,0.4284846468999719,0.0036277425944232205,0.6919999999999998,0.0,0.263515353100028,0.0036277425944232253,44373.182745472375,1365.3331734646813,0.3385405177724638,0.01041666544696564,4.817600389082618,0.12539638373166734,0.15,0.0,39935.864470925146,1228.7998561182117,736000000.0,0.0,5.4260685422452633e-05,1.6695650218997499e-06,44372.666666666664,1365.427527675245,160000000.0,0.0,120.9853691629736,29.786624631759565,1.1488146711118305e-06,7.127472488959229e-08
vgg11,cifar100,32,11,4,0.535744646899972,0.003627742594423268,0.6919999999999998,0.0,0.15625535310002794,0.0036277425944232096,88746.36549094477,2730.666346929368,0.6770810355449276,0.020833330893931256,9.635200778165236,0.25079276746333495,0.15,0.0,79871.72894185029,2457.599712236427,736000000.0,0.0,0.00010852137084486667,3.339130043764353e-06,88745.66666666667,2730.587177391215,160000000.0,0.0,135.37850267359832,44.58751312155894,2.297629342223661e-06,1.425494497791851e-07
vgg11,cifar100,64,11,4,0.643004646899972,0.0036277425944231906,0.6919999999999998,0.0,0.048995353100027866,0.0036277425944232344,177492.7309818895,5461.332693858714,1.3541620710898552,0.04166666178786244,19.270401556330473,0.5015855349266694,0.15,0.0,159743.45788370058,4915.199424472854,736000000.0,0.0,0.00021704274168976665,6.678260087586383e-06,177492.33333333334,5461.17435478243,160000000.0,0.0,124.50137492355871,63.098468635135525,4.595258684447322e-06,2.8509889955836937e-07
vgg11,cifar100,128,11,4,0.643004646899972,0.0036277425944232105,0.6919999999999998,0.0,0.048995353100027866,0.003627742594423236,354985.461963779,10922.66538771745,2.7083241421797104,0.08333332357572518,38.540803112660946,1.0031710698533423,0.15,0.0,319486.91576740117,9830.398848945693,736000000.0,0.0,0.0004340854833795667,1.335652017523047e-05,354985.0,10922.925569644793,160000000.0,0.0,144.33432548971447,20.593814794158938,9.190517368894644e-06,5.701977991167383e-07
vgg11,fashion_mnist,1,11,2,0.05000000000000001,0.0,0.934,0.0,0.884,0.0,1228.1507226455003,20.46670112074188,0.009370046406902267,0.00015614853760331557,0.30110002431766364,0.007837273983229235,0.15,0.0,1105.3356503809503,18.420031008667454,736000000.0,0.0,1.5018147423654217e-06,2.5027216044385535e-08,1227.6666666666667,20.74447717666884,160000000.0,0.0,138.22623266726944,35.36606956671777,1.4074679139324456e-08,4.700930673395287e-10
vgg11,fashion_mnist,2,11,2,0.14763289613872901,0.0008645204741714152,0.934,0.0,0.786367103861271,0.000864520474171417,2456.3014452910006,40.93340224148376,0.0187400928138046,0.0003122970752066379,0.6022000486353273,0.015674547966458473,0.15,0.0,2210.6713007619005,36.840062017335136,736000000.0,0.0,3.0036294847308435e-06,5.005443208877069e-08,2455.6666666666665,41.04063027456253,160000000.0,0.0,142.22820986224147,63.965295694290724,2.8149358278648913e-08,9.401861346790606e-10
vgg11,fashion_mnist,4,11,2,0.2986295628053957,0.0008645204741714055,0.934,0.0,0.6353704371946044,0.000864520474171419,4912.602890582001,81.86680448296752,0.037480185627609235,0.0006245941504132631,1.2044000972706546,0.03134909593291694,0.15,0.0,4421.342601523801,73.68012403467046,736000000.0,0.0,6.007258969461687e-06,1.001088641775416e-07,4912.333333333333,82.08126054912483,160000000.0,0.0,104.83205235964424,70.33045674344827,5.6298716557297826e-08,1.8803722693581146e-09
vgg11,fashion_mnist,8,11,2,0.4496262294720624,0.000864520474171362,0.934,0.0,0.48437377052793756,0.000864520474171394,9825.205781164002,163.7336089659352,0.07496037125521847,0.0012491883008265306,2.408800194541309,0.06269819186583388,0.15,0.0,8842.685203047602,147.3602480693409,736000000.0,0.0,1.2014517938923374e-05,2.002177283550821e-07,9825.0,163.716217889371,160000000.0,0.0,156.33147950491548,10.77766492702019,1.1259743311459561e-07,3.760744538716231e-09
vgg11,fashion_mnist,16,11,2,0.600622896138729,0.000864520474171419,0.934,0.0,0.333377103861271,0.0008645204741714394,19650.411562328005,327.4672179318701,0.149920742510437,0.0024983766016530816,4.817600389082618,0.12539638373166775,0.15,0.0,17685.370406095204,294.7204961386818,736000000.0,0.0,2.4029035877846748e-05,4.0043545671016315e-07,19650.0,327.432435778742,160000000.0,0.0,120.9853691629736,29.78662463175956,2.251948662291913e-07,7.521489077432459e-09
vgg11,fashion_mnist,32,11,2,0.7516195628053958,0.000864520474171419,0.934,0.0,0.1823804371946043,0.0008645204741714295,39300.82312465601,654.9344358637402,0.2998414850208741,0.004996753203306146,9.635200778165236,0.2507927674633355,0.15,0.0,35370.74081219041,589.4409922773636,736000000.0,0.0,4.8058071755693496e-05,8.008709134203263e-07,39300.666666666664,654.9597952037456,160000000.0,0.0,135.37850267359832,44.58751312155895,4.503897324583826e-07,1.5042978154864917e-08
vgg11,fashion_mnist,64,11,2,0.9026162294720624,0.0008645204741713569,0.934,0.0,0.031383770527937636,0.0008645204741713964,78601.64624931202,1309.8688717274804,0.5996829700417482,0.009993506406612247,19.270401556330473,0.5015855349266711,0.15,0.0,70741.48162438082,1178.8819845547341,736000000.0,0.0,9.611614351138699e-05,1.601741826840667e-06,78601.33333333333,1309.9195904074945,160000000.0,0.0,124.50137492355871,63.098468635135525,9.007794649167652e-07,3.008595630972994e-08
vgg11,fashion_mnist,128,11,2,0.9026162294720624,0.0008645204741713959,0.934,0.0,0.031383770527937636,0.0008645204741713935,157203.29249862404,2619.7377434549608,1.1993659400834964,0.019987012813224493,38.540803112660946,1.003171069853342,0.15,0.0,141482.96324876163,2357.7639691094546,736000000.0,0.0,0.00019223228702273335,3.203483653692774e-06,157203.0,2619.393632121755,160000000.0,0.0,144.33432548971447,20.593814794158945,1.8015589298335304e-06,6.017191261945973e-08
vgg11,mnist,1,11,1,0.05000000000000001,0.0,0.9940000000000001,0.0,0.944,0.0,807.3361241966213,18.11295832977651,0.006159485810826201,0.00013819090522596965,0.30110002431766364,0.007837273983229209,0.15,0.0,726.6025117769591,16.30166249679891,736000000.0,0.0,9.872316736099987e-07,2.2148997957607197e-08,806.6666666666666,17.616280348965066,160000000.0,0.0,138.22623266726944,35.36606956671776,6.082880012317468e-09,2.7220336212241225e-10
vgg11,mnist,2,11,1,0.15957325065116576,0.003227977920402368,0.9940000000000001,0.0,0.8344267493488342,0.0032279779204023966,1614.6722483932426,36.22591665955295,0.0123189716216525,0.00027638181045194044,0.6022000486353273,0.015674547966458473,0.15,0.0,1453.2050235539182,32.60332499359782,736000000.0,0.0,1.9744633472199974e-06,4.4297995915214394e-08,1614.0,35.76310948449533,160000000.0,0.0,142.22820986224147,63.965295694290724,1.216576002463494e-08,5.444067242448228e-10
vgg11,mnist,4,11,1,0.3219265839844991,0.0032279779204023606,0.9940000000000001,0.0,0.6720734160155009,0.003227977920402311,3229.3444967864853,72.45183331910617,0.024637943243305035,0.0005527636209038264,1.2044000972706546,0.03134909593291694,0.15,0.0,2906.4100471078364,65.20664998719575,736000000.0,0.0,3.948926694439995e-06,8.859599183042896e-08,3228.6666666666665,72.05784713224051,160000000.0,0.0,104.83205235964424,70.33045674344827,2.4331520049269873e-08,1.0888134484896482e-09
vgg11,mnist,8,11,1,0.4842799173178325,0.003227977920402368,0.9940000000000001,0.0,0.5097200826821675,0.003227977920402311,6458.6889935729705,144.9036666382121,0.04927588648661017,0.001105527241807651,2.408800194541309,0.06269819186583367,0.15,0.0,5812.820094215673,130.4132999743913,736000000.0,0.0,7.89785338887999e-06,1.7719198366085757e-07,6458.0,144.64784823840276,160000000.0,0.0,156.33147950491548,10.777664927020192,4.8663040098539747e-08,2.177626896979298e-09
vgg11,mnist,16,11,1,0.6466332506511657,0.003227977920402339,0.9940000000000001,0.0,0.3473667493488342,0.003227977920402368,12917.377987145941,289.80733327642383,0.09855177297322033,0.0022110544836152993,4.817600389082618,0.12539638373166778,0.15,0.0,11625.640188431345,260.8265999487826,736000000.0,0.0,1.579570677775998e-05,3.5438396732171515e-07,12916.666666666666,289.82810997785083,160000000.0,0.0,120.9853691629736,29.786624631759558,9.732608019707949e-08,4.355253793958599e-09
vgg11,mnist,32,11,1,0.8089865839844993,0.0032279779204023966,0.9940000000000001,0.0,0.18501341601550073,0.0032279779204023888,25834.755974291882,579.6146665528477,0.19710354594644072,0.004422108967230611,9.635200778165236,0.25079276746333556,0.15,0.0,23251.28037686269,521.6531998975652,736000000.0,0.0,3.159141355551996e-05,7.087679346434303e-07,25834.333333333332,579.6562199557017,160000000.0,0.0,135.37850267359832,44.587513121558956,1.9465216039415899e-07,8.710507587917199e-09
vgg11,mnist,64,11,1,0.9713399173178324,0.003227977920402311,0.9940000000000001,0.0,0.0226600826821675,0.003227977920402373,51669.511948583764,1159.2293331056956,0.39420709189288144,0.008844217934461225,19.270401556330473,0.5015855349266699,0.15,0.0,46502.56075372538,1043.3063997951292,736000000.0,0.0,6.318282711103992e-05,1.417535869286866e-06,51669.333333333336,1159.2395495898736,160000000.0,0.0,124.50137492355871,63.098468635135525,3.8930432078831797e-07,1.7421015175834394e-08
vgg11,mnist,128,11,1,0.9713399173178324,0.003227977920402311,0.9940000000000001,0.0,0.0226600826821675,0.003227977920402373,103339.02389716753,2318.4586662113984,0.788414183785763,0.017688435868922412,38.540803112660946,1.0031710698533387,0.15,0.0,93005.12150745076,2086.612799590261,736000000.0,0.0,0.00012636565422203332,2.8350717385629304e-06,103338.66666666667,2318.479099179747,160000000.0,0.0,144.33432548971447,20.59381479415895,7.786086415766359e-07,3.4842030351668735e-08
vgg11,tiny_imagenet,1,11,5,0.05000000000000001,0.0,0.531,0.0,0.48100000000000004,0.0,3933.0185916902265,163.17712721652552,0.030006550534745966,0.0012449426820108078,0.30110002431766364,0.007837273983229217,0.15,0.0,3539.7167325212044,146.859414494873,736000000.0,0.0,4.80939773440381e-06,1.9953724795499054e-07,3932.6666666666665,163.36870365321911,160000000.0,0.0,138.22623266726944,35.36606956671777,1.4447904445016758e-07,1.2003876117945516e-08
vgg11,tiny_imagenet,2,11,5,0.07919152888987217,0.003871203311653227,0.531,0.0,0.4518084711101278,0.0038712033116532762,7866.037183380453,326.3542544330508,0.060013101069491974,0.0024898853640216703,0.6022000486353273,0.01567454796645847,0.15,0.0,7079.433465042409,293.71882898974565,736000000.0,0.0,9.61879546880762e-06,3.9907449590998283e-07,7865.666666666667,326.699148045007,160000000.0,0.0,142.22820986224147,63.96529569429071,2.8895808890033516e-07,2.4007752235891045e-08
vgg11,tiny_imagenet,4,11,5,0.15884152888987216,0.0038712033116532355,0.531,0.0,0.3721584711101278,0.003871203311653263,15732.074366760906,652.7085088661022,0.12002620213898396,0.004979770728043384,1.2044000972706546,0.03134909593291694,0.15,0.0,14158.866930084818,587.4376579794919,736000000.0,0.0,1.923759093761524e-05,7.981489918199657e-07,15731.666666666666,652.9183205679965,160000000.0,0.0,104.83205235964424,70.33045674344827,5.779161778006703e-07,4.801550447178209e-08
vgg11,tiny_imagenet,8,11,5,0.2384915288898722,0.003871203311653276,0.531,0.0,0.2925084711101278,0.0038712033116532767,31464.14873352181,1305.4170177322046,0.24005240427796792,0.00995954145608678,2.408800194541309,0.06269819186583389,0.15,0.0,28317.733860169636,1174.8753159589853,736000000.0,0.0,3.847518187523048e-05,1.5962979836399184e-06,31463.666666666668,1305.3567839228217,160000000.0,0.0,156.33147950491548,10.777664927020192,1.1558323556013406e-06,9.603100894356423e-08
vgg11,tiny_imagenet,16,11,5,0.3181415288898722,0.00387120331165329,0.531,0.0,0.2128584711101278,0.003871203311653262,62928.29746704362,2610.8340354644088,0.48010480855593585,0.019919082912173536,4.817600389082618,0.12539638373166775,0.15,0.0,56635.46772033927,2349.7506319179674,736000000.0,0.0,7.695036375046096e-05,3.1925959672798487e-06,62927.666666666664,2610.6754553818687,160000000.0,0.0,120.9853691629736,29.78662463175956,2.3116647112026813e-06,1.9206201788712836e-07
vgg11,tiny_imagenet,32,11,5,0.3977915288898722,0.003871203311653277,0.531,0.0,0.1332084711101278,0.0038712033116532684,125856.59493408726,5221.668070928809,0.9602096171118717,0.03983816582434707,9.635200778165236,0.2507927674633355,0.15,0.0,113270.93544067854,4699.501263835922,736000000.0,0.0,0.00015390072750086665,6.385191934554801e-06,125856.33333333333,5221.350910763737,160000000.0,0.0,135.37850267359832,44.58751312155895,4.6233294224053625e-06,3.841240357742562e-07
vgg11,tiny_imagenet,64,11,5,0.4774415288898723,0.0038712033116532615,0.531,0.0,0.05355847111012774,0.0038712033116532277,251713.18986817452,10443.336141857626,1.9204192342237434,0.0796763316486942,19.270401556330473,0.5015855349266694,0.15,0.0,226541.87088135708,9399.002527671872,736000000.0,0.0,0.0003078014550018,1.2770383869113416e-05,251713.0,10443.219762123173,160000000.0,0.0,124.50137492355871,63.098468635135525,9.246658844810725e-06,7.682480715485126e-07
vgg11,tiny_imagenet,128,11,5,0.4774415288898723,0.0038712033116532476,0.531,0.0,0.05355847111012774,0.0038712033116532294,503426.379736349,20886.67228371527,3.8408384684474868,0.15935266329738823,38.540803112660946,1.003171069853342,0.15,0.0,453083.74176271417,18798.00505534374,736000000.0,0.0,0.0006156029100036334,2.5540767738223062e-05,503426.0,20886.439524246347,160000000.0,0.0,144.33432548971447,20.593814794158945,1.849331768962145e-05,1.536496143097027e-06
vgg16,cifar10,1,16,3,0.05000000000000001,0.0,0.931,0.0,0.8809999999999999,0.0,2654.871386027655,35.1041749166992,0.013503374155820933,0.00017854906675566525,0.46087196604673436,0.007684016672442905,0.23125000000000004,0.0,2389.384247424889,31.593757425029246,1426000000.0,0.0,1.675585026244663e-06,2.2155510115728854e-08,2654.3333333333335,35.30344647953417,310000000.0,0.0,138.22623266726944,35.366069566717755,2.262868876970927e-08,5.992875461085495e-10
vgg16,cifar10,2,16,3,0.14766546549943074,0.004289624692308441,0.931,0.0,0.7833345345005692,0.004289624692308493,5309.74277205531,70.20834983339869,0.02700674831164193,0.000357098133511376,0.9217439320934687,0.015368033344885753,0.23125000000000004,0.0,4778.768494849778,63.18751485005854,1426000000.0,0.0,3.351170052489326e-06,4.431102023145757e-08,5309.0,70.14983962918234,310000000.0,0.0,142.22820986224147,63.96529569429072,4.525737753941854e-08,1.1985750922170985e-09
vgg16,cifar10,4,16,3,0.29662546549943075,0.004289624692308438,0.931,0.0,0.6343745345005692,0.00428962469230848,10619.48554411062,140.41669966679768,0.05401349662328394,0.0007141962670226973,1.8434878641869374,0.030736066689771305,0.23125000000000004,0.0,9557.536989699556,126.37502970011698,1426000000.0,0.0,6.702340104978652e-06,8.8622040462915e-08,10618.666666666666,140.37924822897907,310000000.0,0.0,104.83205235964424,70.33045674344827,9.051475507883707e-08,2.397150184434198e-09
vgg16,cifar10,8,16,3,0.44558546549943073,0.004289624692308426,0.931,0.0,0.4854145345005692,0.004289624692308424,21238.97108822124,280.83339933359474,0.10802699324656793,0.001428392534045344,3.686975728373875,0.06147213337954267,0.23125000000000004,0.0,19115.073979399112,252.7500594002353,1426000000.0,0.0,1.3404680209957305e-05,1.772440809258299e-07,21238.333333333332,280.7584964579578,310000000.0,0.0,156.33147950491548,10.777664927020192,1.8102951015767415e-07,4.794300368868394e-09
vgg16,cifar10,16,16,3,0.5945454654994308,0.00428962469230848,0.931,0.0,0.3364545345005692,0.004289624692308482,42477.94217644248,561.6667986671872,0.21605398649313592,0.0028567850680907415,7.37395145674775,0.12294426675908522,0.23125000000000004,0.0,38230.147958798225,505.50011880046793,1426000000.0,0.0,2.6809360419914607e-05,3.5448816185166166e-07,42477.333333333336,561.598017565352,310000000.0,0.0,120.9853691629736,29.78662463175956,3.620590203153483e-07,9.588600737736793e-09
vgg16,cifar10,32,16,3,0.7435054654994309,0.004289624692308452,0.931,0.0,0.1874945345005692,0.004289624692308525,84955.88435288495,1123.3335973343746,0.43210797298627196,0.005713570136181533,14.7479029134955,0.2458885335181713,0.23125000000000004,0.0,76460.29591759645,1011.0002376009401,1426000000.0,0.0,5.3618720839829213e-05,7.089763237033231e-07,84955.33333333333,1123.65044979893,310000000.0,0.0,135.37850267359832,44.587513121558956,7.241180406306966e-07,1.9177201475473602e-08
vgg16,cifar10,64,16,3,0.8924654654994307,0.004289624692308493,0.931,0.0,0.0385345345005692,0.0042896246923085045,169911.7687057699,2246.667194668758,0.8642159459725439,0.011427140272362999,29.495805826991,0.4917770670363414,0.23125000000000004,0.0,152920.5918351929,2022.0004752018824,1426000000.0,0.0,0.0001072374416796,1.4179526473884661e-06,169911.33333333334,2246.765304461805,310000000.0,0.0,124.50137492355871,63.098468635135525,1.4482360812613932e-06,3.835440295094715e-08
vgg16,cifar10,128,16,3,0.8924654654994307,0.0042896246923084585,0.931,0.0,0.0385345345005692,0.0042896246923085045,339823.5374115398,4493.334389337489,1.7284318919450878,0.022854280544726054,58.991611653982,0.9835541340726869,0.23125000000000004,0.0,305841.1836703858,4044.000950403771,1426000000.0,0.0,0.00021447488335926668,2.835905294822384e-06,339823.0,4493.449565756803,310000000.0,0.0,144.33432548971447,20.593814794158938,2.8964721625227864e-06,7.670880590189441e-08
vgg16,cifar100,1,16,4,0.05000000000000001,0.0,0.721,0.0,0.6709999999999999,0.0,3920.3747142839347,158.63294872966028,0.019940056937072365,0.000806848901009421,0.46087196604673436,0.007684016672442905,0.23125000000000004,0.0,3528.3372428555413,142.76965385669382,1426000000.0,0.0,2.4742897916238017e-06,1.0011897184901398e-07,3919.6666666666665,158.53811318838547,310000000.0,0.0,138.22623266726944,35.36606956671777,4.9391333245400035e-08,4.018660753404548e-09
vgg16,cifar100,2,16,4,0.11687163517149803,0.004721652794365705,0.721,0.0,0.6041283648285019,0.004721652794365708,7840.7494285678695,317.2658974593192,0.0398801138741448,0.0016136978020188505,0.9217439320934687,0.01536803334488581,0.23125000000000004,0.0,7056.6744857110825,285.5393077133874,1426000000.0,0.0,4.9485795832476035e-06,2.0023794369802776e-07,7840.0,317.5106297433206,310000000.0,0.0,142.22820986224147,63.96529569429072,9.878266649080008e-08,8.037321506809076e-09
vgg16,cifar100,4,16,4,0.22862663517149806,0.00472165279436576,0.721,0.0,0.49237336482850186,0.004721652794365708,15681.498857135737,634.5317949186381,0.07976022774828963,0.0032273956040376884,1.8434878641869374,0.030736066689771305,0.23125000000000004,0.0,14113.348971422163,571.0786154267743,1426000000.0,0.0,9.897159166495207e-06,4.0047588739605567e-07,15680.666666666666,634.4748484639348,310000000.0,0.0,104.83205235964424,70.33045674344827,1.9756533298160014e-07,1.6074643013618108e-08
vgg16,cifar100,8,16,4,0.34038163517149805,0.0047216527943657405,0.721,0.0,0.3806183648285019,0.004721652794365708,31362.997714271478,1269.0635898372798,0.15952045549657934,0.0064547912080753925,3.686975728373875,0.06147213337954261,0.23125000000000004,0.0,28226.69794284433,1142.1572308535492,1426000000.0,0.0,1.9794318332990414e-05,8.009517747921119e-07,31362.333333333332,1268.9496969278696,310000000.0,0.0,156.33147950491548,10.77766492702019,3.9513066596320034e-07,3.214928602723629e-08
vgg16,cifar100,16,16,4,0.4521366351714981,0.00472165279436572,0.721,0.0,0.26886336482850187,0.004721652794365708,62725.995428542956,2538.1271796745573,0.31904091099315873,0.012909582416150743,7.37395145674775,0.12294426675908522,0.23125000000000004,0.0,56453.39588568866,2284.314461707101,1426000000.0,0.0,3.958863666598083e-05,1.6019035495842237e-06,62725.666666666664,2537.899393855739,310000000.0,0.0,120.9853691629736,29.78662463175956,7.902613319264007e-07,6.429857205447262e-08
vgg16,cifar100,32,16,4,0.5638916351714981,0.0047216527943657076,0.721,0.0,0.15710836482850188,0.004721652794365708,125451.99085708591,5076.254359349108,0.6380818219863175,0.025819164832301424,14.7479029134955,0.2458885335181707,0.23125000000000004,0.0,112906.79177137732,4568.628923414202,1426000000.0,0.0,7.917727333196166e-05,3.2038070991684462e-06,125451.66666666667,5076.345174762384,310000000.0,0.0,135.37850267359832,44.58751312155894,1.5805226638528013e-06,1.2859714410894513e-07
vgg16,cifar100,64,16,4,0.675646635171498,0.0047216527943657076,0.721,0.0,0.045353364828501865,0.004721652794365696,250903.98171417182,10152.508718698202,1.276163643972635,0.05163832966460279,29.495805826991,0.4917770670363427,0.23125000000000004,0.0,225813.58354275464,9137.257846828403,1426000000.0,0.0,0.0001583545466638667,6.407614198307338e-06,250903.66666666666,10152.255627855975,310000000.0,0.0,124.50137492355871,63.098468635135525,3.1610453277056027e-06,2.5719428821789026e-07
vgg16,cifar100,128,16,4,0.675646635171498,0.004721652794365708,0.721,0.0,0.045353364828501865,0.0047216527943656945,501807.96342834365,20305.01743739642,2.55232728794527,0.10327665932920545,58.991611653982,0.9835541340726869,0.23125000000000004,0.0,451627.1670855093,18274.51569365681,1426000000.0,0.0,0.00031670909332776666,1.2815228396669338e-05,501807.6666666667,20305.05765402634,310000000.0,0.0,144.33432548971447,20.593814794158945,6.322090655411205e-06,5.143885764357805e-07
vgg16,fashion_mnist,1,16,2,0.05000000000000001,0.0,0.939,0.0,0.8889999999999999,0.0,1665.5601509749351,13.215614110830197,0.008471477004877334,6.721808934948265e-05,0.46087196604673436,0.007684016672442879,0.23125000000000004,0.0,1499.0041358774417,11.894052699747244,1426000000.0,0.0,1.0511950461973644e-06,8.340850420580085e-09,1665.0,13.076696830622021,310000000.0,0.0,138.22623266726944,35.36606956671776,8.905548432187888e-09,1.4101376270478792e-10
vgg16,fashion_mnist,2,16,2,0.1497452223452883,0.0024633991207094145,0.939,0.0,0.7892547776547115,0.00246339912070942,3331.1203019498703,26.431228221660632,0.016942954009754735,0.00013443617869902022,0.9217439320934687,0.01536803334488581,0.23125000000000004,0.0,2998.0082717548835,23.7881053994947,1426000000.0,0.0,2.102390092394729e-06,1.6681700841160362e-08,3330.6666666666665,26.727015047201487,310000000.0,0.0,142.22820986224147,63.96529569429072,1.7811096864375775e-08,2.8202752540957925e-10
vgg16,fashion_mnist,4,16,2,0.3015502223452882,0.0024633991207094557,0.939,0.0,0.6374497776547117,0.00246339912070942,6662.240603899741,52.862456443321676,0.033885908019509504,0.0002688723573980762,1.8434878641869374,0.030736066689771413,0.23125000000000004,0.0,5996.016543509767,47.576210798988974,1426000000.0,0.0,4.204780184789458e-06,3.336340168232034e-08,6661.666666666667,52.8803681278159,310000000.0,0.0,104.83205235964424,70.33045674344827,3.562219372875155e-08,5.640550508191585e-10
vgg16,fashion_mnist,8,16,2,0.4533552223452883,0.0024633991207094327,0.939,0.0,0.48564477765471153,0.0024633991207094735,13324.481207799481,105.724912886642,0.0677718160390191,0.0005377447147961553,3.686975728373875,0.06147213337954261,0.23125000000000004,0.0,11992.033087019534,95.15242159797717,1426000000.0,0.0,8.409560369578915e-06,6.672680336464145e-08,13324.333333333334,105.76073625563217,310000000.0,0.0,156.33147950491548,10.77766492702019,7.124438745750311e-08,1.1281101016383091e-09
vgg16,fashion_mnist,16,16,2,0.6051602223452882,0.00246339912070944,0.939,0.0,0.3338397776547117,0.0024633991207093807,26648.962415598962,211.44982577328307,0.1355436320780383,0.001075489429592321,7.37395145674775,0.12294426675908535,0.23125000000000004,0.0,23984.066174039068,190.30484319595655,1426000000.0,0.0,1.681912073915783e-05,1.3345360672928234e-07,26648.666666666668,211.52147251126348,310000000.0,0.0,120.9853691629736,29.786624631759558,1.424887749150062e-07,2.2562202032766046e-09
vgg16,fashion_mnist,32,16,2,0.7569652223452882,0.00246339912070942,0.939,0.0,0.18203477765471168,0.002463399120709386,53297.924831197925,422.8996515465734,0.2710872641560767,0.0021509788591846097,14.7479029134955,0.2458885335181713,0.23125000000000004,0.0,47968.132348078136,380.6096863919118,1426000000.0,0.0,3.363824147831566e-05,2.6690721345856273e-07,53297.333333333336,423.0429450225272,310000000.0,0.0,135.37850267359832,44.587513121558956,2.849775498300124e-07,4.512440406553268e-09
vgg16,fashion_mnist,64,16,2,0.9087702223452881,0.002463399120709333,0.939,0.0,0.03022977765471167,0.002463399120709454,106595.84966239585,845.7993030931402,0.5421745283121534,0.004301957718369245,29.495805826991,0.4917770670363409,0.23125000000000004,0.0,95936.26469615627,761.2193727838304,1426000000.0,0.0,6.727648295663132e-05,5.338144269171316e-07,106595.33333333333,845.855976708408,310000000.0,0.0,124.50137492355871,63.098468635135525,5.699550996600248e-07,9.024880813106536e-09
vgg16,fashion_mnist,128,16,2,0.9087702223452881,0.002463399120709333,0.939,0.0,0.030229777654711663,0.0024633991207094526,213191.6993247917,1691.5986061862936,1.0843490566243068,0.008603915436738593,58.991611653982,0.9835541340726869,0.23125000000000004,0.0,191872.52939231254,1522.4387455676472,1426000000.0,0.0,0.00013455296591323334,1.0676288538287422e-06,213191.33333333334,1691.3681838480136,310000000.0,0.0,144.33432548971447,20.593814794158938,1.1399101993200496e-06,1.8049761626213072e-08
vgg16,mnist,1,16,1,0.05000000000000001,0.0,0.995,0.0,0.945,0.0,1115.8267473396434,15.079362297881897,0.0056753883226503,7.669760283344683e-05,0.46087196604673436,0.007684016672442905,0.23125000000000004,0.0,1004.244072605679,13.571426068093597,1426000000.0,0.0,7.04238480088134e-07,9.517129080009548e-09,1115.0,14.933184523068078,310000000.0,0.0,138.22623266726944,35.366069566717755,3.997313473577433e-09,1.0765671646591113e-10
vgg16,mnist,2,16,1,0.16573464206018043,0.002198661974279127,0.995,0.0,0.8292653579398195,0.002198661974279089,2231.6534946792867,30.15872459576388,0.011350776645300667,0.00015339520566695066,0.9217439320934687,0.015368033344885753,0.23125000000000004,0.0,2008.488145211358,27.14285213618722,1426000000.0,0.0,1.408476960176268e-06,1.9034258160019055e-08,2231.0,29.866369046136157,310000000.0,0.0,142.22820986224147,63.96529569429072,7.994626947154867e-09,2.15313432931821e-10
vgg16,mnist,4,16,1,0.3282513087268471,0.0021986619742791493,0.995,0.0,0.666748691273153,0.0021986619742791614,4463.306989358573,60.31744919152732,0.0227015532906014,0.00030679041133386387,1.8434878641869374,0.030736066689771337,0.23125000000000004,0.0,4016.976290422716,54.28570427237444,1426000000.0,0.0,2.816953920352536e-06,3.806851632003811e-08,4462.666666666667,60.302017655575405,310000000.0,0.0,104.83205235964424,70.33045674344828,1.5989253894309734e-08,4.3062686586363775e-10
vgg16,mnist,8,16,1,0.49076797539351374,0.002198661974279081,0.995,0.0,0.5042320246064862,0.0021986619742791614,8926.613978717147,120.63489838305463,0.04540310658120287,0.0006135808226677116,3.686975728373875,0.06147213337954267,0.23125000000000004,0.0,8033.952580845432,108.5714085447491,1426000000.0,0.0,5.633907840705072e-06,7.613703264007622e-08,8926.333333333334,120.60403531115081,310000000.0,0.0,156.33147950491548,10.777664927020192,3.197850778861947e-08,8.612537317272755e-10
vgg16,mnist,16,16,1,0.6532846420601804,0.002198661974279049,0.995,0.0,0.3417153579398195,0.0021986619742791493,17853.227957434294,241.2697967661093,0.09080621316240584,0.0012271616453354258,7.37395145674775,0.12294426675908522,0.23125000000000004,0.0,16067.905161690864,217.14281708949787,1426000000.0,0.0,1.1267815681410144e-05,1.5227406528015255e-07,17852.666666666668,241.20807062230233,310000000.0,0.0,120.9853691629736,29.78662463175956,6.395701557723893e-08,1.7225074634545566e-09
vgg16,mnist,32,16,1,0.8158013087268472,0.0021986619742791376,0.995,0.0,0.1791986912731527,0.002198661974279061,35706.45591486859,482.5395935322186,0.1816124263248117,0.00245432329067087,14.7479029134955,0.24588853351817044,0.23125000000000004,0.0,32135.810323381727,434.28563417899574,1426000000.0,0.0,2.2535631362820288e-05,3.045481305603051e-07,35705.666666666664,482.6182065912271,310000000.0,0.0,135.37850267359832,44.58751312155895,1.2791403115447787e-07,3.445014926909113e-09
vgg16,mnist,64,16,1,0.978317975393514,0.0021986619742790808,0.995,0.0,0.016682024606486167,0.00219866197427913,71412.91182973718,965.079187064442,0.3632248526496235,0.004908646581341723,29.495805826991,0.4917770670363426,0.23125000000000004,0.0,64271.620646763455,868.5712683579931,1426000000.0,0.0,4.5071262725640576e-05,6.090962611206095e-07,71412.33333333333,965.2364131824576,310000000.0,0.0,124.50137492355871,63.098468635135525,2.5582806230895574e-07,6.890029853818177e-09
vgg16,mnist,128,16,1,0.978317975393514,0.0021986619742790808,0.995,0.0,0.016682024606486167,0.00219866197427913,142825.82365947435,1930.1583741288728,0.726449705299247,0.009817293162683446,58.991611653982,0.9835541340726869,0.23125000000000004,0.0,128543.24129352691,1737.1425367159918,1426000000.0,0.0,9.014252545128115e-05,1.218192522241219e-06,142825.33333333334,1930.2705337162777,310000000.0,0.0,144.33432548971447,20.593814794158938,5.116561246179115e-07,1.3780059707636395e-08
vgg16,tiny_imagenet,1,16,5,0.05000000000000001,0.0,0.561,0.0,0.511,0.0,5585.901254589433,254.82288156723337,0.028411362989244734,0.0012960961993776147,0.46087196604673436,0.007684016672442879,0.23125000000000004,0.0,5027.3111291304895,229.34059341050943,1426000000.0,0.0,3.5254636249161925e-06,1.6082790561746792e-07,5585.666666666667,254.60819573087846,310000000.0,0.0,138.22623266726944,35.36606956671776,1.0030219237768902e-07,9.058569685334879e-09
vgg16,tiny_imagenet,2,16,5,0.0838086055022012,0.007586204524391769,0.561,0.0,0.4771913944977988,0.007586204524391759,11171.802509178866,509.6457631344672,0.05682272597848947,0.0025921923987552295,0.9217439320934687,0.01536803334488581,0.23125000000000004,0.0,10054.622258260979,458.6811868210214,1426000000.0,0.0,7.050927249832385e-06,3.216558112349366e-07,11171.666666666666,509.63156626462325,310000000.0,0.0,142.22820986224147,63.96529569429071,2.0060438475537798e-07,1.811713937066982e-08
vgg16,tiny_imagenet,4,16,5,0.1688936055022012,0.007586204524391771,0.561,0.0,0.39210639449779877,0.007586204524391814,22343.60501835773,1019.2915262689335,0.113645451956979,0.005184384797510423,1.8434878641869374,0.030736066689771413,0.23125000000000004,0.0,20109.24451652196,917.3623736420403,1426000000.0,0.0,1.410185449966477e-05,6.43311622469873e-07,22343.333333333332,1019.2631325292472,310000000.0,0.0,104.83205235964424,70.33045674344827,4.0120876951075606e-07,3.6234278741339516e-08
vgg16,tiny_imagenet,8,16,5,0.25397860550220114,0.00758620452439182,0.561,0.0,0.30702139449779886,0.00758620452439182,44687.21003671546,2038.5830525378635,0.22729090391395804,0.010368769595020878,3.686975728373875,0.06147213337954261,0.23125000000000004,0.0,40218.489033043916,1834.7247472840788,1426000000.0,0.0,2.820370899932954e-05,1.286623244939746e-06,44686.666666666664,2038.5262650584943,310000000.0,0.0,156.33147950491548,10.777664927020192,8.024175390215121e-07,7.246855748267908e-08
vgg16,tiny_imagenet,16,16,5,0.33906360550220116,0.007586204524391786,0.561,0.0,0.22193639449779878,0.007586204524391815,89374.42007343093,4077.166105075735,0.4545818078279161,0.020737539190041777,7.37395145674775,0.12294426675908568,0.23125000000000004,0.0,80436.97806608783,3669.4494945681536,1426000000.0,0.0,5.640741799865908e-05,2.5732464898794914e-06,89373.66666666667,4077.192211968099,310000000.0,0.0,120.9853691629736,29.786624631759555,1.6048350780430242e-06,1.4493711496535822e-07
vgg16,tiny_imagenet,32,16,5,0.4241486055022012,0.007586204524391743,0.561,0.0,0.1368513944977988,0.00758620452439178,178748.84014686185,8154.33221015146,0.9091636156558321,0.04147507838008351,14.7479029134955,0.2458885335181707,0.23125000000000004,0.0,160873.95613217566,7338.898989136307,1426000000.0,0.0,0.00011281483599726667,5.1464929797462435e-06,178748.33333333334,8154.384423936198,310000000.0,0.0,135.37850267359832,44.58751312155894,3.2096701560860485e-06,2.898742299307163e-07
vgg16,tiny_imagenet,64,16,5,0.5092336055022012,0.007586204524391828,0.561,0.0,0.05176639449779877,0.007586204524391817,357497.6802937237,16308.66442030291,1.8183272313116643,0.08295015676016705,29.495805826991,0.4917770670363409,0.23125000000000004,0.0,321747.9122643513,14677.797978272592,1426000000.0,0.0,0.0002256296719946,1.0292985959478508e-05,357497.3333333333,16308.353575187566,310000000.0,0.0,124.50137492355871,63.09846863513553,6.419340312172097e-06,5.797484598614326e-07
vgg16,tiny_imagenet,128,16,5,0.5092336055022012,0.007586204524391841,0.561,0.0,0.05176639449779877,0.0075862045243918165,714995.3605874474,32617.32884060588,3.6366544626233286,0.1659003135203339,58.991611653982,0.9835541340726869,0.23125000000000004,0.0,643495.8245287027,29355.59595654523,1426000000.0,0.0,0.0004512593439892334,2.0585971918998533e-05,714995.0,32617.122420593758,310000000.0,0.0,144.33432548971447,20.59381479415895,1.2838680624344194e-05,1.1594969197228658e-06
vgg9,cifar10,1,9,3,0.05000000000000001,0.0,0.895,0.0,0.8450000000000001,0.0,1641.631763648168,49.4272602571506,0.016699541866538135,0.0005028000921340959,0.23999609349568332,0.004729588730283387,0.11874999999999998,0.0,1477.4685872833513,44.4845342314354,552000000.0,0.0,2.6765735276872306e-06,8.058792433231056e-08,1641.0,49.122296363260546,120000000.0,0.0,138.22623266726944,35.36606956671777,4.4724564761666795e-08,2.696632279778078e-09
vgg9,cifar10,2,9,3,0.14558225833361893,0.0017641456824715298,0.895,0.0,0.749417741666381,0.001764145682471546,3283.263527296336,98.8545205143012,0.0333990837330763,0.0010056001842681907,0.47999218699136664,0.009459177460566782,0.11874999999999998,0.0,2954.9371745667027,88.96906846287095,552000000.0,0.0,5.353147055374461e-06,1.6117584866462103e-07,3282.6666666666665,98.72351965632775,120000000.0,0.0,142.22820986224147,63.965295694290724,8.944912952333359e-08,5.393264559556153e-09
vgg9,cifar10,4,9,3,0.2872905916669523,0.001764145682471475,0.895,0.0,0.6077094083330477,0.0017641456824714886,6566.527054592672,197.7090410286024,0.06679816746615264,0.0020112003685363714,0.9599843739827333,0.01891835492113355,0.11874999999999998,0.0,5909.874349133405,177.9381369257419,552000000.0,0.0,1.0706294110748922e-05,3.2235169732924206e-07,6566.0,197.48670841350312,120000000.0,0.0,104.83205235964424,70.33045674344827,1.7889825904666718e-07,1.0786529119112312e-08
vgg9,cifar10,8,9,3,0.4289989250002855,0.0017641456824715302,0.895,0.0,0.4660010749997144,0.001764145682471475,13133.054109185345,395.41808205720366,0.13359633493230536,0.004022400737072792,1.9199687479654666,0.0378367098422671,0.11874999999999998,0.0,11819.74869826681,355.8762738514828,552000000.0,0.0,2.1412588221497845e-05,6.447033946584841e-07,13132.333333333334,395.49251994612126,120000000.0,0.0,156.33147950491548,10.77766492702019,3.5779651809333425e-07,2.157305823822454e-08
vgg9,cifar10,16,9,3,0.570707258333619,0.0017641456824714886,0.895,0.0,0.32429274166638106,0.0017641456824715122,26266.10821837069,790.8361641144096,0.2671926698646107,0.008044801474145572,3.839937495930933,0.07567341968453442,0.11874999999999998,0.0,23639.49739653362,711.7525477029644,552000000.0,0.0,4.282517644299569e-05,1.2894067893169683e-06,26265.333333333332,791.0261268335794,120000000.0,0.0,120.9853691629736,29.78662463175956,7.155930361866687e-07,4.314611647644925e-08
vgg9,cifar10,32,9,3,0.7124155916669523,0.001764145682471546,0.895,0.0,0.18258440833304768,0.0017641456824714903,52532.21643674138,1581.6723282288192,0.5343853397292214,0.016089602948291225,7.679874991861868,0.15134683936906818,0.11874999999999998,0.0,47278.99479306724,1423.5050954059352,552000000.0,0.0,8.565035288599138e-05,2.5788135786339365e-06,52531.666666666664,1582.0522536671579,120000000.0,0.0,135.37850267359832,44.587513121558956,1.4311860723733374e-06,8.629223295289844e-08
vgg9,cifar10,64,9,3,0.8541239250002856,0.0017641456824715126,0.895,0.0,0.040876074999714435,0.0017641456824715087,105064.43287348274,3163.3446564576384,1.0687706794584428,0.032179205896582345,15.359749983723736,0.30269367873813635,0.11874999999999998,0.0,94557.9895861345,2847.010190811873,552000000.0,0.0,0.00017130070577193332,5.157627157284925e-06,105064.0,3163.5851497944545,120000000.0,0.0,124.50137492355871,63.098468635135525,2.8623721447466736e-06,1.7258446590579691e-07
vgg9,cifar10,128,9,3,0.8541239250002857,0.001764145682471546,0.895,0.0,0.04087607499971433,0.0017641456824715066,210128.8657469655,6326.689312915285,2.1375413589168857,0.0643584117931649,30.719499967447472,0.6053873574762727,0.11874999999999998,0.0,189115.97917226897,5694.020381623735,552000000.0,0.0,0.0003426014115439,1.0315254314522063e-05,210128.33333333334,6327.129075128256,120000000.0,0.0,144.33432548971447,20.593814794158938,5.724744289493347e-06,3.4516893181159526e-07
vgg9,cifar100,1,9,4,0.05000000000000001,0.0,0.641,0.0,0.591,0.0,2392.7083728432904,108.19874515019059,0.024339888232862202,0.0011006545527159806,0.23999609349568332,0.004729588730283387,0.11874999999999998,0.0,2153.4375355589614,97.37887063517161,552000000.0,0.0,3.901154955722756e-06,1.7641099752748526e-07,2392.0,108.50345616615168,120000000.0,0.0,138.22623266726944,35.36606956671777,9.508312064642041e-08,8.59079081063783e-09
vgg9,cifar100,2,9,4,0.094780004279514,0.005319301304406416,0.641,0.0,0.546219995720486,0.005319301304406456,4785.416745686581,216.39749030038118,0.04867977646572443,0.0022013091054319117,0.47999218699136664,0.009459177460566796,0.11874999999999998,0.0,4306.875071117923,194.75774127034322,552000000.0,0.0,7.802309911445513e-06,3.528219950549697e-07,4784.666666666667,216.50481133991767,120000000.0,0.0,142.22820986224147,63.965295694290724,1.9016624129284082e-07,1.718158162127565e-08
vgg9,cifar100,4,9,4,0.19306667094618066,0.005319301304406397,0.641,0.0,0.4479333290538193,0.005319301304406413,9570.833491373161,432.79498060076304,0.09735955293144893,0.004402618210863872,0.9599843739827333,0.018918354921133605,0.11874999999999998,0.0,8613.750142235845,389.51548254068643,552000000.0,0.0,1.5604619822891026e-05,7.056439901099381e-07,9570.333333333334,433.0096226798355,120000000.0,0.0,104.83205235964424,70.33045674344827,3.803324825856816e-07,3.43631632425513e-08
vgg9,cifar100,8,9,4,0.2913533376128474,0.005319301304406448,0.641,0.0,0.3496466623871526,0.005319301304406388,19141.666982746323,865.5899612015252,0.19471910586289795,0.008805236421727753,1.9199687479654666,0.03783670984226707,0.11874999999999998,0.0,17227.50028447169,779.0309650813729,552000000.0,0.0,3.120923964578205e-05,1.4112879802198774e-06,19141.0,865.5212302422166,120000000.0,0.0,156.33147950491548,10.777664927020192,7.606649651713632e-07,6.87263264851026e-08
vgg9,cifar100,16,9,4,0.38964000427951406,0.0053193013044064335,0.641,0.0,0.25135999572048595,0.005319301304406384,38283.333965492646,1731.1799224030513,0.3894382117257959,0.01761047284345552,3.839937495930933,0.07567341968453442,0.11874999999999998,0.0,34455.00056894338,1558.0619301627457,552000000.0,0.0,6.24184792915641e-05,2.8225759604397566e-06,38282.666666666664,1731.0466005666428,120000000.0,0.0,120.9853691629736,29.78662463175956,1.5213299303427266e-06,1.3745265297020524e-07
vgg9,cifar100,32,9,4,0.4879266709461807,0.0053193013044064525,0.641,0.0,0.15307332905381923,0.005319301304406397,76566.66793098529,3462.359844806099,0.7788764234515919,0.03522094568691104,7.679874991861868,0.15134683936906818,0.11874999999999998,0.0,68910.00113788676,3116.1238603254915,552000000.0,0.0,0.0001248369585831,5.645151920876214e-06,76566.0,3462.591081834527,120000000.0,0.0,135.37850267359832,44.58751312155894,3.042659860685453e-06,2.749053059404104e-07
vgg9,cifar100,64,9,4,0.5862133376128473,0.005319301304406446,0.641,0.0,0.0547866623871526,0.005319301304406411,153133.33586197058,6924.719689612205,1.5577528469031838,0.07044189137382177,15.359749983723736,0.30269367873813635,0.11874999999999998,0.0,137820.00227577353,6232.247720650983,552000000.0,0.0,0.0002496739171662333,1.1290303841752021e-05,153132.66666666666,6924.680088880163,120000000.0,0.0,124.50137492355871,63.098468635135525,6.085319721370906e-06,5.498106118808205e-07
vgg9,cifar100,128,9,4,0.5862133376128473,0.005319301304406401,0.641,0.0,0.0547866623871526,0.0053193013044064135,306266.67172394117,13849.43937922441,3.1155056938063677,0.14088378274764393,30.719499967447472,0.6053873574762727,0.11874999999999998,0.0,275640.00455154706,12464.495441301966,552000000.0,0.0,0.0004993478343324666,2.2580607683504042e-05,306266.0,13849.858085915537,120000000.0,0.0,144.33432548971447,20.593814794158938,1.2170639442741813e-05,1.0996212237616415e-06
vgg9,fashion_mnist,1,9,2,0.05000000000000001,0.0,0.928,0.0,0.878,0.0,1004.6547869818061,15.645086000336985,0.010219876983457466,0.0001591500447625359,0.23999609349568332,0.004729588730283391,0.11874999999999998,0.0,904.1893082836255,14.080577400303197,552000000.0,0.0,1.6380241092094665e-06,2.5508292391853783e-08,1004.3333333333334,15.885003409925133,120000000.0,0.0,138.22623266726944,35.36606956671777,1.674311132264229e-08,5.190502910941572e-10
vgg9,fashion_mnist,2,9,2,0.14530628894156825,0.002155817595867332,0.928,0.0,0.7826937110584318,0.002155817595867349,2009.3095739636121,31.290172000674136,0.02043975396691493,0.00031830008952507175,0.47999218699136664,0.009459177460566768,0.11874999999999998,0.0,1808.378616567251,28.161154800606493,552000000.0,0.0,3.276048218418933e-06,5.1016584783707394e-08,2009.0,31.192947920964443,120000000.0,0.0,142.22820986224147,63.96529569429072,3.348622264528457e-08,1.0381005821883268e-09
vgg9,fashion_mnist,4,9,2,0.2937862889415682,0.0021558175958673767,0.928,0.0,0.6342137110584317,0.0021558175958674643,4018.619147927224,62.5803440013481,0.04087950793382997,0.0006366001790501435,0.9599843739827333,0.018918354921133564,0.11874999999999998,0.0,3616.757233134502,56.322309601212936,552000000.0,0.0,6.552096436837866e-06,1.0203316956741514e-07,4018.0,62.385895841928885,120000000.0,0.0,104.83205235964424,70.33045674344827,6.697244529056915e-08,2.076201164376657e-09
vgg9,fashion_mnist,8,9,2,0.4422662889415682,0.0021558175958673767,0.928,0.0,0.4857337110584317,0.0021558175958673767,8037.238295854449,125.16068800269574,0.08175901586765996,0.0012732003581003158,1.9199687479654666,0.03783670984226721,0.11874999999999998,0.0,7233.514466269004,112.64461920242587,552000000.0,0.0,1.310419287367573e-05,2.0406633913483066e-07,8036.666666666667,125.34884655765033,120000000.0,0.0,156.33147950491548,10.77766492702019,1.339448905811383e-07,4.1524023287532875e-09
vgg9,fashion_mnist,16,9,2,0.5907462889415683,0.002155817595867346,0.928,0.0,0.3372537110584317,0.0021558175958673624,16074.476591708895,250.32137600539053,0.16351803173531995,0.002546400716200667,3.839937495930933,0.07567341968453437,0.11874999999999998,0.0,14467.028932538007,225.28923840485174,552000000.0,0.0,2.620838574735146e-05,4.081326782696613e-07,16073.666666666666,250.1206375598251,120000000.0,0.0,120.9853691629736,29.786624631759558,2.6788978116227653e-07,8.30480465750655e-09
vgg9,fashion_mnist,32,9,2,0.7392262889415683,0.002155817595867346,0.928,0.0,0.18877371105843177,0.0021558175958673238,32148.95318341779,500.6427520107823,0.32703606347063996,0.00509280143240138,7.679874991861868,0.15134683936906818,0.11874999999999998,0.0,28934.057865076014,450.5784768097035,552000000.0,0.0,5.241677149470292e-05,8.162653565393226e-07,32148.333333333332,500.2412751196502,120000000.0,0.0,135.37850267359832,44.58751312155894,5.357795623245532e-07,1.660960931501315e-08
vgg9,fashion_mnist,64,9,2,0.8877062889415682,0.002155817595867384,0.928,0.0,0.0402937110584317,0.0021558175958673776,64297.90636683558,1001.2855040215609,0.65407212694128,0.01018560286480273,15.359749983723736,0.30269367873813635,0.11874999999999998,0.0,57868.11573015203,901.156953619407,552000000.0,0.0,0.00010483354298936666,1.6325307130792312e-06,64297.333333333336,1001.0596052849877,120000000.0,0.0,124.50137492355871,63.09846863513553,1.0715591246491063e-06,3.32192186300263e-08
vgg9,fashion_mnist,128,9,2,0.8877062889415682,0.0021558175958673984,0.928,0.0,0.0402937110584317,0.0021558175958673776,128595.81273367116,2002.5710080431215,1.30814425388256,0.020371205729605463,30.719499967447472,0.6053873574762727,0.11874999999999998,0.0,115736.23146030406,1802.313907238814,552000000.0,0.0,0.0002096670859787667,3.265061426188925e-06,128595.33333333333,2002.6962658709197,120000000.0,0.0,144.33432548971447,20.593814794158945,2.1431182492982127e-06,6.64384372600526e-08
vgg9,mnist,1,9,1,0.05000000000000001,0.0,0.993,0.0,0.943,0.0,704.7594109210542,14.53536431987261,0.007169183460704033,0.00014786137206903148,0.23999609349568332,0.004729588730283398,0.11874999999999998,0.0,634.2834698289488,13.081827887885341,552000000.0,0.0,1.1490642569365013e-06,2.3698963565009715e-08,704.3333333333334,14.502873278538061,120000000.0,0.0,138.22623266726944,35.36606956671776,8.240188573628283e-09,3.400218429427147e-10
vgg9,mnist,2,9,1,0.16325254614897047,0.0038134788102034507,0.993,0.0,0.8297474538510294,0.0038134788102033874,1409.5188218421083,29.070728639745106,0.014338366921408099,0.0002957227441380607,0.47999218699136664,0.009459177460566803,0.11874999999999998,0.0,1268.5669396578976,26.163655775770707,552000000.0,0.0,2.2981285138730026e-06,4.739792713001928e-08,1409.3333333333333,29.02297940138696,120000000.0,0.0,142.22820986224147,63.96529569429071,1.6480377147256566e-08,6.800436858854281e-10
vgg9,mnist,4,9,1,0.3237875461489705,0.0038134788102034633,0.993,0.0,0.6692124538510296,0.0038134788102035465,2819.0376436842166,58.14145727949044,0.028676733842816268,0.0005914454882760715,0.9599843739827333,0.018918354921133564,0.11874999999999998,0.0,2537.133879315795,52.327311551541364,552000000.0,0.0,4.596257027746005e-06,9.479585426003865e-08,2818.6666666666665,58.045958802773974,120000000.0,0.0,104.83205235964424,70.33045674344827,3.296075429451313e-08,1.3600873717708587e-09
vgg9,mnist,8,9,1,0.4843225461489706,0.003813478810203462,0.993,0.0,0.5086774538510294,0.003813478810203524,5638.075287368433,116.28291455898066,0.0573534676856326,0.0011828909765521484,1.9199687479654666,0.03783670984226718,0.11874999999999998,0.0,5074.26775863159,104.6546231030826,552000000.0,0.0,9.192514055492012e-06,1.8959170852007796e-07,5637.666666666667,116.07038094765308,120000000.0,0.0,156.33147950491548,10.777664927020192,6.592150858902626e-08,2.7201747435417075e-09
vgg9,mnist,16,9,1,0.6448575461489705,0.003813478810203524,0.993,0.0,0.34814245385102954,0.003813478810203548,11276.150574736866,232.56582911796133,0.11470693537126526,0.0023657819531042335,3.839937495930933,0.07567341968453437,0.11874999999999998,0.0,10148.53551726318,209.3092462061652,552000000.0,0.0,1.838502811098402e-05,3.7918341704015507e-07,11275.666666666666,232.65066802683685,120000000.0,0.0,120.9853691629736,29.786624631759555,1.3184301717805253e-07,5.440349487083415e-09
vgg9,mnist,32,9,1,0.8053925461489705,0.003813478810203524,0.993,0.0,0.18760745385102953,0.003813478810203556,22552.301149473733,465.13165823592266,0.2294138707425306,0.004731563906208525,7.679874991861868,0.15134683936906818,0.11874999999999998,0.0,20297.07103452636,418.6184924123304,552000000.0,0.0,3.677005622196804e-05,7.583668340803101e-07,22551.666666666668,465.28091872903286,120000000.0,0.0,135.37850267359832,44.58751312155894,2.6368603435610505e-07,1.0880698974166842e-08
vgg9,mnist,64,9,1,0.9659275461489706,0.003813478810203559,0.993,0.0,0.027072453851029434,0.0038134788102035582,45104.602298947466,930.2633164718434,0.4588277414850612,0.009463127812417047,15.359749983723736,0.30269367873813635,0.11874999999999998,0.0,40594.14206905272,837.2369848246618,552000000.0,0.0,7.354011244393608e-05,1.5167336681606184e-06,45104.333333333336,930.5618374580667,120000000.0,0.0,124.50137492355871,63.098468635135525,5.273720687122101e-07,2.1761397948333687e-08
vgg9,mnist,128,9,1,0.9659275461489706,0.0038134788102035144,0.993,0.0,0.027072453851029434,0.0038134788102035587,90209.20459789493,1860.5266329436906,0.9176554829701226,0.018926255624834205,30.719499967447472,0.6053873574762727,0.11874999999999998,0.0,81188.28413810545,1674.4739696493216,552000000.0,0.0,0.00014708022488783333,3.033467336298243e-06,90209.0,1860.6340317214451,120000000.0,0.0,144.33432548971447,20.59381479415895,1.0547441374244202e-06,4.352279589666732e-08
vgg9,tiny_imagenet,1,9,5,0.05000000000000001,0.0,0.498,0.0,0.448,0.0,3511.5716726661667,25.867448412154257,0.035721554287375536,0.0002631372926040997,0.23999609349568332,0.004729588730283398,0.11874999999999998,0.0,3160.4145053995508,23.280703570938527,552000000.0,0.0,5.725388596738315e-06,4.2175187628511777e-08,3511.0,26.057628441590765,120000000.0,0.0,138.22623266726944,35.36606956671776,2.0452717815116716e-07,3.0193595669878546e-09
vgg9,tiny_imagenet,2,9,5,0.0772499553830438,0.0032058645897035435,0.498,0.0,0.4207500446169561,0.0032058645897035535,7023.143345332333,51.73489682430817,0.07144310857475107,0.0005262745852082034,0.47999218699136664,0.009459177460566803,0.11874999999999998,0.0,6320.829010799101,46.561407141877076,552000000.0,0.0,1.145077719347663e-05,8.435037525702447e-08,7022.666666666667,51.53962876596357,120000000.0,0.0,142.22820986224147,63.96529569429071,4.0905435630233433e-07,6.0387191339756985e-09
vgg9,tiny_imagenet,4,9,5,0.15111995538304382,0.00320586458970353,0.498,0.0,0.34688004461695615,0.0032058645897035903,14046.286690664669,103.46979364861762,0.1428862171495022,0.0010525491704164228,0.9599843739827333,0.018918354921133536,0.11874999999999998,0.0,12641.658021598201,93.12281428375294,552000000.0,0.0,2.290155438695326e-05,1.6870075051404962e-07,14045.666666666666,103.65487607118821,120000000.0,0.0,104.83205235964424,70.33045674344828,8.181087126046687e-07,1.207743826795145e-08
vgg9,tiny_imagenet,8,9,5,0.22498995538304375,0.00320586458970359,0.498,0.0,0.27301004461695616,0.003205864589703537,28092.573381329337,206.93958729723525,0.28577243429900445,0.0021050983408328816,1.9199687479654666,0.03783670984226707,0.11874999999999998,0.0,25283.316043196402,186.24562856750583,552000000.0,0.0,4.580310877390652e-05,3.3740150102809395e-07,28092.0,206.73412877413347,120000000.0,0.0,156.33147950491548,10.777664927020192,1.6362174252093373e-06,2.41548765359029e-08
vgg9,tiny_imagenet,16,9,5,0.29885995538304383,0.003205864589703527,0.498,0.0,0.19914004461695614,0.003205864589703566,56185.146762658675,413.8791745944684,0.571544868598009,0.004210196681665706,3.839937495930933,0.07567341968453437,0.11874999999999998,0.0,50566.632086392805,372.49125713501616,552000000.0,0.0,9.160621754781305e-05,6.748030020561932e-07,56184.666666666664,413.7950378307271,120000000.0,0.0,120.9853691629736,29.786624631759555,3.2724348504186746e-06,4.830975307180584e-08
vgg9,tiny_imagenet,32,9,5,0.3727299553830438,0.0032058645897035535,0.498,0.0,0.12527004461695612,0.003205864589703579,112370.29352531735,827.7583491889421,1.143089737196018,0.008420393363331436,7.679874991861868,0.15134683936906818,0.11874999999999998,0.0,101133.26417278562,744.9825142700287,552000000.0,0.0,0.00018321243509560002,1.3496060041155242e-06,112370.0,827.8387524149857,120000000.0,0.0,135.37850267359832,44.58751312155895,6.544869700837349e-06,9.661950614361196e-08
vgg9,tiny_imagenet,64,9,5,0.44659995538304376,0.0032058645897035513,0.498,0.0,0.05140004461695613,0.0032058645897035803,224740.58705063467,1655.5166983778759,2.286179474392036,0.016840786726663042,15.359749983723736,0.30269367873813635,0.11874999999999998,0.0,202266.52834557122,1489.9650285400676,552000000.0,0.0,0.00036642487019120004,2.6992120082310505e-06,224740.0,1655.6775048299714,120000000.0,0.0,124.50137492355871,63.098468635135525,1.3089739401674698e-05,1.932390122872231e-07
vgg9,tiny_imagenet,128,9,5,0.44659995538304376,0.0032058645897035404,0.498,0.0,0.05140004461695613,0.0032058645897035816,449481.1741012694,3311.033396755723,4.572358948784072,0.033681573453326015,30.719499967447472,0.6053873574762727,0.11874999999999998,0.0,404533.05669114244,2979.9300570801533,552000000.0,0.0,0.0007328497403824332,5.398424016437252e-06,449480.6666666667,3310.7794147803575,120000000.0,0.0,144.33432548971447,20.593814794158938,2.6179478803349404e-05,3.864780245744439e-07
